AREA_BRUTA,QUARTOS,FINALIDADE,FREGUESIA,REF,ESTADO,AREA_TERRENO,ESTACIONAMENTO,C_BANHO,CONCELHO,TIPO_DE_IMOVEL,PRECO_DE_ARRENDAMENTO,DISTRITO,ZONA,CERT_ENERG,PRECO_DE_VENDA
303,4,VENDA,NOGUEIRA,292180077,USADO,5980,-1,4,BRAGANCA,MORADIA,-1,BRAGANCA,-1,D,155000
104,3,VENDA,MOGADOURO_VALVERDE_VALE_DE_PORCO_E_VILAR_DE_REI,286180026,USADO,-1,1,1,MOGADOURO,APARTAMENTO,-1,BRAGANCA,-1,-1,56500
118,-1,VENDA,CACARELHOS_E_ANGUEIRA,286180025,ND,24700,-1,-1,VIMIOSO,QUINTINHA,-1,BRAGANCA,-1,-1,15000
260,-1,VENDA,VILA_CHA_DE_BRACIOSA,286180024,USADO,260,-1,-1,MIRANDA_DO_DOURO,MORADIA_PARA_RESTAURAR,-1,BRAGANCA,-1,-1,42000
400,4,VENDA,SENDIM_E_ATENOR,286180023,USADO,3500,3,2,MIRANDA_DO_DOURO,MORADIA_ISOLADA,-1,BRAGANCA,-1,-1,250000
285,3,VENDA,MIRANDA_DO_DOURO,286180022,USADO,188,2,3,MIRANDA_DO_DOURO,MORADIA_GEMINADA,-1,BRAGANCA,-1,-1,160000
266,4,VENDA,MOGADOURO_VALVERDE_VALE_DE_PORCO_E_VILAR_DE_REI,286180021,USADO,400,2,2,MOGADOURO,MORADIA,-1,BRAGANCA,-1,D,133000
400,-1,VENDA,MOGADOURO_VALVERDE_VALE_DE_PORCO_E_VILAR_DE_REI,286180020,ND,300,-1,-1,MOGADOURO,TERRENO_PARA_CONSTRUCAO,-1,BRAGANCA,-1,-1,46500
242,-1,VENDA,SORTES,292180074,PLANTA,895,-1,-1,BRAGANCA,MORADIA_PARA_RESTAURAR,-1,BRAGANCA,-1,-1,30000
450,4,VENDA,MACEDO_DE_CAVALEIROS,286180019,USADO,424,6,3,MACEDO_DE_CAVALEIROS,MORADIA_GEMINADA,-1,BRAGANCA,-1,-1,220000
81,2,VENDA,MIRANDA_DO_DOURO,286180018,USADO,67,1,1,MIRANDA_DO_DOURO,APARTAMENTO,-1,BRAGANCA,-1,-1,85000
296,3,VENDA,SE_SANTA_MARIA_E_MEIXEDO,292180072,USADO,600,2,2,BRAGANCA,MORADIA_ISOLADA,-1,BRAGANCA,-1,-1,200000
162,3,VENDA,SE_SANTA_MARIA_E_MEIXEDO,292180071,USADO,371,-1,2,BRAGANCA,MORADIA_GEMINADA,-1,BRAGANCA,-1,-1,100000
160,3,VENDA,SE_SANTA_MARIA_E_MEIXEDO,292180070,USADO,-1,1,2,BRAGANCA,MORADIA,-1,BRAGANCA,-1,-1,110000
374,4,VENDA,SE_SANTA_MARIA_E_MEIXEDO,292180069,NOVO,200,4,4,BRAGANCA,MORADIA_GEMINADA,-1,BRAGANCA,-1,-1,265000
1854,-1,VENDA,CASTELO_BRANCO,286180017,ND,22648,-1,-1,MOGADOURO,CASA_SENHORIAL,-1,BRAGANCA,-1,-1,485600
430,4,VENDA,ALFAIAO,292180068,USADO,5150,3,4,BRAGANCA,MORADIA,-1,BRAGANCA,-1,-1,360000
364,3,VENDA,SE_SANTA_MARIA_E_MEIXEDO,292180067,USADO,288,4,1,BRAGANCA,MORADIA,-1,BRAGANCA,-1,F,92500
111,2,VENDA,MIRANDA_DO_DOURO,286180016,USADO,84,1,1,MIRANDA_DO_DOURO,APARTAMENTO,-1,BRAGANCA,-1,E,80000
240,4,VENDA,SE_SANTA_MARIA_E_MEIXEDO,292180064,NOVO,42,2,4,BRAGANCA,MORADIA_EM_BANDA,-1,BRAGANCA,-1,A,230000
-1,-1,VENDA,MIRANDA_DO_DOURO,286180014,ND,40600,-1,-1,MIRANDA_DO_DOURO,TERRENO,-1,BRAGANCA,-1,-1,-1
94,2,VENDA,SE_SANTA_MARIA_E_MEIXEDO,292180062,USADO,-1,-1,1,BRAGANCA,APARTAMENTO,-1,BRAGANCA,-1,-1,-1
66,-1,VENDA_ARRENDAMENTO,MACEDO_DE_CAVALEIROS,292180061,USADO,-1,-1,1,MACEDO_DE_CAVALEIROS,ESCRITORIO,600,BRAGANCA,-1,-1,30000
336,5,VENDA,MOGADOURO_VALVERDE_VALE_DE_PORCO_E_VILAR_DE_REI,286180013,USADO,1137,2,2,MOGADOURO,MORADIA,-1,BRAGANCA,-1,-1,-1
300,4,VENDA,SE_SANTA_MARIA_E_MEIXEDO,292180060,USADO,200,3,5,BRAGANCA,MORADIA,-1,BRAGANCA,-1,A,320000
90,2,VENDA,SE_SANTA_MARIA_E_MEIXEDO,292180059,USADO,-1,-1,1,BRAGANCA,APARTAMENTO,-1,BRAGANCA,-1,D,95000
30,-1,VENDA,URROS,286180012,USADO,30,-1,-1,MOGADOURO,MORADIA_PARA_RESTAURAR,-1,BRAGANCA,-1,-1,9750
464,5,VENDA,URROS,286180011,USADO,315,1,2,MOGADOURO,MORADIA,-1,BRAGANCA,-1,F,97750
400,3,VENDA,VINHAIS,292180058,USADO,120,1,2,VINHAIS,MORADIA,-1,BRAGANCA,-1,F,170000
146,3,VENDA,MIRANDA_DO_DOURO,286180010,USADO,-1,1,2,MIRANDA_DO_DOURO,APARTAMENTO,-1,BRAGANCA,-1,-1,100000
430,-1,VENDA,SE_SANTA_MARIA_E_MEIXEDO,292180057,USADO,130,2,-1,BRAGANCA,MORADIA,-1,BRAGANCA,-1,-1,130000
-1,-1,VENDA,SALDANHA,286180009,ND,280624,-1,-1,MOGADOURO,TERRENO_RÚSTICO,-1,BRAGANCA,-1,-1,42000
-1,-1,VENDA,SENDIM_E_ATENOR,286180008,ND,2600,-1,-1,MIRANDA_DO_DOURO,TERRENO_RÚSTICO,-1,BRAGANCA,-1,-1,37000
171,3,VENDA,SE_SANTA_MARIA_E_MEIXEDO,292180055,USADO,-1,-1,3,BRAGANCA,MORADIA,-1,BRAGANCA,-1,-1,130000
10341,-1,VENDA,VINHAIS,292180054,ND,10341,-1,-1,VINHAIS,TERRENO_RÚSTICO,-1,BRAGANCA,-1,-1,100000
230,4,VENDA,SE_SANTA_MARIA_E_MEIXEDO,292180053,USADO,1649,-1,2,BRAGANCA,MORADIA,-1,BRAGANCA,-1,F,65000
85,-1,VENDA,SE_SANTA_MARIA_E_MEIXEDO,292180052,USADO,-1,-1,1,BRAGANCA,LOJA,-1,BRAGANCA,-1,-1,56000
240,-1,VENDA,MOGADOURO_VALVERDE_VALE_DE_PORCO_E_VILAR_DE_REI,286180007,ND,460,-1,-1,MOGADOURO,LOTE_DE_TERRENO,-1,BRAGANCA,-1,-1,50000
56,-1,VENDA,NOGUEIRA,292180051,ND,56,-1,-1,BRAGANCA,TERRENO,-1,BRAGANCA,-1,-1,15000
6600,-1,VENDA,NOGUEIRA,292180050,ND,6600,-1,-1,BRAGANCA,TERRENO_RÚSTICO,-1,BRAGANCA,-1,-1,14000
216390,-1,VENDA,OLMOS,286180006,ND,216390,-1,-1,MACEDO_DE_CAVALEIROS,TERRENO_RÚSTICO,-1,BRAGANCA,-1,-1,75000
246,4,VENDA,SAMIL,292180049,USADO,166,3,3,BRAGANCA,MORADIA_GEMINADA,-1,BRAGANCA,-1,D,165000
140,4,VENDA,SE_SANTA_MARIA_E_MEIXEDO,292180048,USADO,-1,1,4,BRAGANCA,MORADIA,-1,BRAGANCA,-1,B-,135000
93,1,VENDA,MACEDO_DE_CAVALEIROS,292180047,USADO,-1,1,1,MACEDO_DE_CAVALEIROS,APARTAMENTO,-1,BRAGANCA,-1,-1,57000
150,3,VENDA,SE_SANTA_MARIA_E_MEIXEDO,292180046,USADO,-1,1,2,BRAGANCA,APARTAMENTO,-1,BRAGANCA,-1,A,132500
190,3,VENDA,SE_SANTA_MARIA_E_MEIXEDO,292180045,USADO,125,-1,1,BRAGANCA,MORADIA_DEVOLUTA,-1,BRAGANCA,-1,-1,60000
113,-1,VENDA,SE_SANTA_MARIA_E_MEIXEDO,292180044,USADO,-1,-1,2,BRAGANCA,LOJA,-1,BRAGANCA,-1,-1,78000
165,-1,VENDA,TO,286180005,ND,165,-1,-1,MOGADOURO,TERRENO_URBANO,-1,BRAGANCA,-1,-1,15000
184,-1,VENDA,SE_SANTA_MARIA_E_MEIXEDO,292180043,USADO,-1,-1,2,BRAGANCA,LOJA,-1,BRAGANCA,-1,-1,155000
510,7,VENDA,MASCARENHAS,292180042,USADO,340,-1,2,MIRANDELA,MORADIA_PARA_RESTAURAR,-1,BRAGANCA,-1,-1,52000
385,4,VENDA,SE_SANTA_MARIA_E_MEIXEDO,292180041,USADO,450,4,3,BRAGANCA,MORADIA,-1,BRAGANCA,-1,C,220000
126,-1,VENDA,SE_SANTA_MARIA_E_MEIXEDO,292180040,USADO,-1,-1,2,BRAGANCA,ARMAZEM,-1,BRAGANCA,-1,B,62500
570,6,VENDA,SE_SANTA_MARIA_E_MEIXEDO,292180039,USADO,6500,8,4,BRAGANCA,MORADIA_ISOLADA,-1,BRAGANCA,-1,D,255000
100,3,VENDA,SE_SANTA_MARIA_E_MEIXEDO,292180028,USADO,-1,-1,2,BRAGANCA,APARTAMENTO,-1,BRAGANCA,-1,C,75000
75,2,VENDA,SE_SANTA_MARIA_E_MEIXEDO,292180027,USADO,-1,1,1,BRAGANCA,APARTAMENTO,-1,BRAGANCA,-1,E,52000
116,3,VENDA,SE_SANTA_MARIA_E_MEIXEDO,292180025,USADO,-1,-1,2,BRAGANCA,APARTAMENTO,-1,BRAGANCA,-1,D,-1
222,5,VENDA,TORRE_DE_MONCORVO,256180032,USADO,56,2,2,TORRE_DE_MONCORVO,MORADIA,-1,BRAGANCA,-1,E,175000
240,3,VENDA,CASTRELOS_E_CARRAZEDO,292180024,USADO,120,4,2,BRAGANCA,MORADIA,-1,BRAGANCA,-1,F,100000
224,5,VENDA,SE_SANTA_MARIA_E_MEIXEDO,292180023,USADO,-1,5,2,BRAGANCA,MORADIA,-1,BRAGANCA,-1,E,82000
288,4,VENDA,MOGADOURO_VALVERDE_VALE_DE_PORCO_E_VILAR_DE_REI,286180004,USADO,212,2,3,MOGADOURO,MORADIA_EM_BANDA,-1,BRAGANCA,-1,F,160000
524,-1,VENDA,SE_SANTA_MARIA_E_MEIXEDO,292180022,USADO,165,-1,-1,BRAGANCA,PREDIO,-1,BRAGANCA,-1,C,150000
110,3,VENDA,SE_SANTA_MARIA_E_MEIXEDO,292180019,USADO,496,2,2,BRAGANCA,APARTAMENTO,-1,BRAGANCA,-1,E,95000
170,5,VENDA_ARRENDAMENTO,TORRE_DE_MONCORVO,256180020,USADO,-1,2,3,TORRE_DE_MONCORVO,DUPLEX,475,BRAGANCA,-1,E,145000
225,4,VENDA,MALHADAS,286180003,USADO,220,-1,1,MIRANDA_DO_DOURO,MORADIA_RÚSTICA,-1,BRAGANCA,-1,F,100000
312,6,VENDA,TORRE_DE_MONCORVO,256180018,USADO,100,2,4,TORRE_DE_MONCORVO,MORADIA,-1,BRAGANCA,-1,B,225000
92,2,VENDA,SE_SANTA_MARIA_E_MEIXEDO,292180016,USADO,-1,-1,1,BRAGANCA,APARTAMENTO,-1,BRAGANCA,-1,D,75000
360,6,VENDA,URROS,286180002,USADO,18550,-1,3,MOGADOURO,MORADIA_ISOLADA,-1,BRAGANCA,-1,-1,150000
109,-1,VENDA,SE_SANTA_MARIA_E_MEIXEDO,292180014,USADO,98,-1,-1,BRAGANCA,MORADIA,-1,BRAGANCA,-1,-1,115000
1721,-1,VENDA,GIMONDE,292180013,ND,1721,-1,-1,BRAGANCA,TERRENO,-1,BRAGANCA,-1,-1,55000
157,3,VENDA,SE_SANTA_MARIA_E_MEIXEDO,292180011,USADO,-1,2,2,BRAGANCA,APARTAMENTO,-1,BRAGANCA,-1,D,135000
180,2,VENDA,SOBREIRO_DE_BAIXO_E_ALVAREDOS,292180010,USADO,620,2,2,VINHAIS,MORADIA,-1,BRAGANCA,-1,-1,88000
145,3,VENDA,SAMIL,292180009,USADO,-1,1,2,BRAGANCA,APARTAMENTO,-1,BRAGANCA,-1,E,95000
250,5,VENDA,SE_SANTA_MARIA_E_MEIXEDO,292180008,USADO,263,5,3,BRAGANCA,MORADIA,-1,BRAGANCA,-1,-1,180000
320,-1,VENDA,CASTRELOS_E_CARRAZEDO,292180007,USADO,-1,-1,-1,BRAGANCA,RESTAURANTE,-1,BRAGANCA,-1,B-,225000
158,3,VENDA,SE_SANTA_MARIA_E_MEIXEDO,292180006,USADO,-1,-1,3,BRAGANCA,MORADIA,-1,BRAGANCA,-1,C,150000
346,5,VENDA,MIRANDELA,256180015,USADO,307,4,5,MIRANDELA,MORADIA,-1,BRAGANCA,-1,C,250000
150,3,VENDA,SE_SANTA_MARIA_E_MEIXEDO,292180005,USADO,-1,1,3,BRAGANCA,DUPLEX,-1,BRAGANCA,-1,-1,171000
-1,-1,VENDA,MIRANDA_DO_DOURO,286180001,ND,1000,-1,-1,MIRANDA_DO_DOURO,LOTE_DE_TERRENO,-1,BRAGANCA,-1,-1,36500
133,2,VENDA,SE_SANTA_MARIA_E_MEIXEDO,292180004,USADO,-1,1,1,BRAGANCA,APARTAMENTO,-1,BRAGANCA,-1,E,56000
66029,-1,VENDA,FRECHAS,256180004,ND,66029,-1,-1,MIRANDELA,TERRENO,-1,BRAGANCA,-1,-1,180000
37,-1,VENDA,SE_SANTA_MARIA_E_MEIXEDO,292180002,USADO,-1,-1,-1,BRAGANCA,MORADIA_PARA_RESTAURAR,-1,BRAGANCA,-1,-1,15000
64,-1,VENDA,SE_SANTA_MARIA_E_MEIXEDO,292180001,USADO,-1,-1,-1,BRAGANCA,MORADIA_PARA_RESTAURAR,-1,BRAGANCA,-1,-1,15000
100,4,VENDA,CASTRELOS_E_CARRAZEDO,292170359,USADO,14430,1,1,BRAGANCA,MORADIA,-1,BRAGANCA,-1,C,125000
100,3,VENDA,SE_SANTA_MARIA_E_MEIXEDO,292170358,USADO,-1,1,2,BRAGANCA,APARTAMENTO,-1,BRAGANCA,-1,D,75000
178,6,VENDA,MACEDO_DE_CAVALEIROS,286170116,USADO,1357,-1,3,MACEDO_DE_CAVALEIROS,MORADIA,-1,BRAGANCA,-1,E,265500
107,-1,VENDA,SE_SANTA_MARIA_E_MEIXEDO,292170325,USADO,-1,-1,2,BRAGANCA,LOJA,-1,BRAGANCA,-1,-1,75000
404,3,VENDA,VILAR_SECO,286170115,USADO,4265,3,2,VIMIOSO,MORADIA_ISOLADA,-1,BRAGANCA,-1,-1,430000
230,4,VENDA,SEZULFE,292170324,USADO,2000,1,1,MACEDO_DE_CAVALEIROS,MORADIA,-1,BRAGANCA,-1,F,110000
58,-1,VENDA,SE_SANTA_MARIA_E_MEIXEDO,292170323,USADO,-1,-1,1,BRAGANCA,ESCRITORIO,-1,BRAGANCA,-1,E,41000
180,-1,VENDA,GONDESENDE,292170322,USADO,510,-1,-1,BRAGANCA,MORADIA_PARA_RESTAURAR,-1,BRAGANCA,-1,-1,19500
50,1,VENDA,SE_SANTA_MARIA_E_MEIXEDO,292170321,USADO,25,-1,1,BRAGANCA,APARTAMENTO,-1,BRAGANCA,-1,C,69000
199,4,VENDA,ALFAIAO,292170320,ND,12000,-1,3,BRAGANCA,QUINTA,-1,BRAGANCA,-1,C,350000
148,3,VENDA,SE_SANTA_MARIA_E_MEIXEDO,292170319,USADO,-1,1,2,BRAGANCA,APARTAMENTO,-1,BRAGANCA,-1,-1,104000
92,-1,VENDA,SE_SANTA_MARIA_E_MEIXEDO,292170318,USADO,-1,-1,2,BRAGANCA,ESCRITORIO,-1,BRAGANCA,-1,B-,-1
130,4,VENDA,SE_SANTA_MARIA_E_MEIXEDO,292170317,USADO,-1,1,3,BRAGANCA,APARTAMENTO,-1,BRAGANCA,-1,-1,160000
156,3,VENDA,MACEDO_DE_CAVALEIROS,286170114,USADO,-1,1,2,MACEDO_DE_CAVALEIROS,APARTAMENTO,-1,BRAGANCA,-1,B,96500
111,-1,VENDA,SE_SANTA_MARIA_E_MEIXEDO,292170316,ND,37,-1,-1,BRAGANCA,TERRENO_PARA_CONSTRUCAO,-1,BRAGANCA,-1,-1,40000
128,3,VENDA_ARRENDAMENTO,SE_SANTA_MARIA_E_MEIXEDO,292170315,USADO,-1,1,2,BRAGANCA,APARTAMENTO,400,BRAGANCA,-1,-1,75000
113,3,VENDA,SAMIL,292170314,USADO,-1,1,2,BRAGANCA,APARTAMENTO,-1,BRAGANCA,-1,C,107000
144,-1,VENDA,RIO_FRIO_E_MILHAO,292170313,USADO,-1,-1,-1,BRAGANCA,MORADIA_PARA_RESTAURAR,-1,BRAGANCA,-1,-1,55000
119,3,VENDA,SE_SANTA_MARIA_E_MEIXEDO,292170312,USADO,-1,1,2,BRAGANCA,APARTAMENTO,-1,BRAGANCA,-1,B,115000
143,3,VENDA,SE_SANTA_MARIA_E_MEIXEDO,292170311,USADO,-1,1,2,BRAGANCA,APARTAMENTO,-1,BRAGANCA,-1,C,120000
146,-1,VENDA,CASTRO_DE_AVELAS,292170310,USADO,782,-1,-1,BRAGANCA,MORADIA,-1,BRAGANCA,-1,-1,100000
138,3,VENDA,SE_SANTA_MARIA_E_MEIXEDO,292170309,USADO,-1,1,2,BRAGANCA,APARTAMENTO,-1,BRAGANCA,-1,C,80000
11700,-1,VENDA,CARVALHAIS,256170430,ND,11700,-1,-1,MIRANDELA,TERRENO,-1,BRAGANCA,-1,-1,23000
31404,-1,VENDA,CARVALHAIS,256170429,ND,31404,-1,-1,MIRANDELA,TERRENO_RÚSTICO,-1,BRAGANCA,-1,-1,57500
19074,-1,VENDA,CARVALHAIS,256170425,ND,19074,-1,-1,MIRANDELA,TERRENO_RÚSTICO,-1,BRAGANCA,-1,-1,43000
200,3,VENDA,MACEDO_DE_CAVALEIROS,292170308,USADO,-1,-1,2,MACEDO_DE_CAVALEIROS,MORADIA,-1,BRAGANCA,-1,F,78000
661,-1,VENDA,ALFAIAO,292170307,ND,661,-1,-1,BRAGANCA,TERRENO_PARA_CONSTRUCAO,-1,BRAGANCA,-1,-1,28500
360,6,VENDA,ALFÂNDEGA_DA_FE,256170404,USADO,90,4,4,ALFANDEGA_DA_FE,PREDIO,-1,BRAGANCA,-1,C,265000
80,1,VENDA,MIRANDA_DO_DOURO,286170113,NOVO,40,-1,1,MIRANDA_DO_DOURO,MORADIA,-1,BRAGANCA,-1,F,59000
92,3,VENDA,MOGADOURO_VALVERDE_VALE_DE_PORCO_E_VILAR_DE_REI,286170112,USADO,153,1,2,MOGADOURO,MORADIA_EM_BANDA,-1,BRAGANCA,-1,E,-1
96,3,VENDA,SE_SANTA_MARIA_E_MEIXEDO,292170306,USADO,-1,1,2,BRAGANCA,APARTAMENTO,-1,BRAGANCA,-1,-1,57500
125,3,VENDA,SE_SANTA_MARIA_E_MEIXEDO,292170304,USADO,-1,1,2,BRAGANCA,APARTAMENTO,-1,BRAGANCA,-1,F,110000
315,4,VENDA,SAMIL,292170303,USADO,195,4,4,BRAGANCA,MORADIA,-1,BRAGANCA,-1,E,270000
120,3,VENDA,TORRE_DE_MONCORVO,256170397,USADO,-1,-1,2,TORRE_DE_MONCORVO,MORADIA,-1,BRAGANCA,-1,F,66000
322,4,VENDA,TORRE_DE_MONCORVO,256170391,USADO,251,-1,2,TORRE_DE_MONCORVO,MORADIA,-1,BRAGANCA,-1,D,160000
180,-1,VENDA,SE_SANTA_MARIA_E_MEIXEDO,292170302,USADO,191,-1,-1,BRAGANCA,MORADIA_PARA_RESTAURAR,-1,BRAGANCA,-1,-1,50000
122,2,VENDA,SE_SANTA_MARIA_E_MEIXEDO,292170301,USADO,-1,1,2,BRAGANCA,APARTAMENTO,-1,BRAGANCA,-1,D,-1
130,5,VENDA,TORRE_DE_MONCORVO,256170390,USADO,70,2,3,TORRE_DE_MONCORVO,MORADIA,-1,BRAGANCA,-1,C,-1
2500,-1,VENDA,VINHAIS,292170300,USADO,-1,-1,-1,VINHAIS,PREDIO,-1,BRAGANCA,-1,-1,952500
138,3,VENDA,SE_SANTA_MARIA_E_MEIXEDO,292170299,USADO,-1,1,2,BRAGANCA,APARTAMENTO,-1,BRAGANCA,-1,D,115000
600,-1,VENDA,SE_SANTA_MARIA_E_MEIXEDO,292170298,ND,600,-1,-1,BRAGANCA,TERRENO_PARA_CONSTRUCAO,-1,BRAGANCA,-1,-1,60000
90,6,VENDA,SE_SANTA_MARIA_E_MEIXEDO,292170297,USADO,30,-1,2,BRAGANCA,MORADIA,-1,BRAGANCA,-1,E,110000
128,3,VENDA,SE_SANTA_MARIA_E_MEIXEDO,292170296,USADO,-1,1,2,BRAGANCA,APARTAMENTO,-1,BRAGANCA,-1,E,95000
243,3,VENDA,SE_SANTA_MARIA_E_MEIXEDO,292170295,USADO,90,3,2,BRAGANCA,MORADIA,-1,BRAGANCA,-1,-1,200000
229,4,VENDA,QUINTANILHA,292170294,USADO,-1,1,3,BRAGANCA,MORADIA,-1,BRAGANCA,-1,B,155000
119,3,VENDA,SE_SANTA_MARIA_E_MEIXEDO,292170293,USADO,-1,1,2,BRAGANCA,APARTAMENTO,-1,BRAGANCA,-1,-1,82000
100,2,VENDA,AVELEDA_E_RIO_DE_ONOR,292170292,NOVO,-1,-1,2,BRAGANCA,MORADIA,-1,BRAGANCA,-1,E,93000
3920,-1,VENDA,CARCAO,292170291,ND,3920,-1,-1,VIMIOSO,TERRENO_RÚSTICO,-1,BRAGANCA,-1,-1,27500
18900,-1,VENDA,CARCAO,292170290,ND,18900,-1,-1,VIMIOSO,TERRENO_RÚSTICO,-1,BRAGANCA,-1,-1,67500
1600,-1,VENDA,CARCAO,292170289,ND,1600,-1,-1,VIMIOSO,TERRENO_RÚSTICO,-1,BRAGANCA,-1,-1,32000
61600,-1,VENDA,CARCAO,292170288,ND,61600,-1,-1,VIMIOSO,TERRENO_RÚSTICO,-1,BRAGANCA,-1,-1,62000
215,3,VENDA,SAMIL,292170287,USADO,-1,3,3,BRAGANCA,MORADIA_GEMINADA,-1,BRAGANCA,-1,E,168000
207,4,VENDA,SE_SANTA_MARIA_E_MEIXEDO,292170286,USADO,160,2,2,BRAGANCA,MORADIA_GEMINADA,-1,BRAGANCA,MAE_D´AGUA,E,125000
1284,-1,VENDA,SE_SANTA_MARIA_E_MEIXEDO,292170285,ND,1284,-1,-1,BRAGANCA,TERRENO_PARA_CONSTRUCAO,-1,BRAGANCA,-1,-1,56000
97,-1,VENDA_ARRENDAMENTO,SE_SANTA_MARIA_E_MEIXEDO,292170284,USADO,-1,-1,1,BRAGANCA,LOJA,300,BRAGANCA,-1,C,55000
21000,-1,VENDA,DONAI,292170283,ND,21000,-1,-1,BRAGANCA,TERRENO,-1,BRAGANCA,-1,-1,125000
140,-1,VENDA,AZINHOSO,286170111,USADO,90,-1,-1,MOGADOURO,MORADIA_PARA_RESTAURAR,-1,BRAGANCA,-1,-1,20000
252,3,VENDA,CASTELO_BRANCO,286170110,USADO,398,1,1,MOGADOURO,MORADIA,-1,BRAGANCA,-1,F,35000
500,3,VENDA,SE_SANTA_MARIA_E_MEIXEDO,292170281,USADO,-1,1,2,BRAGANCA,MORADIA,-1,BRAGANCA,-1,F,75000
115,3,VENDA,REBORDAINHOS_E_POMBARES,292170280,NOVO,35,2,2,BRAGANCA,MORADIA,-1,BRAGANCA,-1,C,135000
128,3,VENDA,SE_SANTA_MARIA_E_MEIXEDO,292170279,USADO,-1,4,2,BRAGANCA,ANDAR_MORADIA,-1,BRAGANCA,-1,D,145000
85,3,VENDA,SE_SANTA_MARIA_E_MEIXEDO,292170278,USADO,-1,1,2,BRAGANCA,APARTAMENTO,-1,BRAGANCA,-1,E,59000
64,1,VENDA,SE_SANTA_MARIA_E_MEIXEDO,292170275,NOVO,-1,1,1,BRAGANCA,APARTAMENTO,-1,BRAGANCA,-1,-1,86000
111,2,VENDA,SE_SANTA_MARIA_E_MEIXEDO,292170274,NOVO,-1,2,2,BRAGANCA,APARTAMENTO,-1,BRAGANCA,-1,-1,135000
129,2,VENDA,SE_SANTA_MARIA_E_MEIXEDO,292170272,NOVO,-1,1,2,BRAGANCA,APARTAMENTO,-1,BRAGANCA,-1,-1,135000
105,2,VENDA,SE_SANTA_MARIA_E_MEIXEDO,292170271,NOVO,-1,1,2,BRAGANCA,APARTAMENTO,-1,BRAGANCA,-1,-1,135000
64,1,VENDA,SE_SANTA_MARIA_E_MEIXEDO,292170269,NOVO,-1,1,1,BRAGANCA,APARTAMENTO,-1,BRAGANCA,-1,-1,86000
111,2,VENDA,SE_SANTA_MARIA_E_MEIXEDO,292170268,NOVO,-1,1,2,BRAGANCA,APARTAMENTO,-1,BRAGANCA,-1,-1,135000
194,-1,VENDA,SE_SANTA_MARIA_E_MEIXEDO,292170265,USADO,300,-1,2,BRAGANCA,CAFE,-1,BRAGANCA,-1,-1,90000
240,5,VENDA,CARCAO,292170264,ND,71370,-1,2,VIMIOSO,QUINTA,-1,BRAGANCA,-1,E,250000
520,5,VENDA,MACEDO_DE_CAVALEIROS,292170259,USADO,-1,-1,4,MACEDO_DE_CAVALEIROS,MORADIA,-1,BRAGANCA,-1,E,285000
200,3,VENDA,SE_SANTA_MARIA_E_MEIXEDO,292170258,USADO,300,2,1,BRAGANCA,MORADIA,-1,BRAGANCA,-1,-1,135000
295,5,VENDA,FREIXO_DE_ESPADA_A_CINTA_E_MAZOUCO,286170109,USADO,175,2,4,FREIXO_ESPADA_A_CINTA,MORADIA,-1,BRAGANCA,-1,-1,212500
370,-1,VENDA,SE_SANTA_MARIA_E_MEIXEDO,292170257,ND,370,-1,-1,BRAGANCA,TERRENO_PARA_CONSTRUCAO,-1,BRAGANCA,-1,-1,45000
263,5,VENDA,FRANCA,292170256,USADO,50,-1,3,BRAGANCA,MORADIA,-1,BRAGANCA,-1,C,250000
115,2,VENDA,RIO_FRIO_E_MILHAO,292170255,NOVO,2200,1,1,BRAGANCA,MORADIA,-1,BRAGANCA,-1,E,120000
36,-1,VENDA,SE_SANTA_MARIA_E_MEIXEDO,292170254,USADO,-1,-1,-1,BRAGANCA,LOJA,-1,BRAGANCA,-1,-1,50000
139,3,VENDA,SE_SANTA_MARIA_E_MEIXEDO,292170252,USADO,-1,1,2,BRAGANCA,APARTAMENTO,-1,BRAGANCA,-1,D,103500
151,-1,VENDA,SE_SANTA_MARIA_E_MEIXEDO,292170250,USADO,-1,1,2,BRAGANCA,ESCRITORIO,-1,BRAGANCA,-1,-1,82000
119,3,VENDA,SE_SANTA_MARIA_E_MEIXEDO,292170249,USADO,-1,1,2,BRAGANCA,APARTAMENTO,-1,BRAGANCA,-1,-1,90000
180,-1,VENDA,NOGUEIRA,292170248,USADO,-1,-1,-1,BRAGANCA,MORADIA_PARA_RESTAURAR,-1,BRAGANCA,-1,-1,15000
336,4,VENDA,PACO,292170247,USADO,660,1,1,VINHAIS,MORADIA,-1,BRAGANCA,-1,-1,36000
186,-1,VENDA,SE_SANTA_MARIA_E_MEIXEDO,292170246,USADO,45,-1,-1,BRAGANCA,PREDIO,-1,BRAGANCA,-1,-1,100000
158,3,VENDA,SE_SANTA_MARIA_E_MEIXEDO,292170245,USADO,-1,-1,2,BRAGANCA,APARTAMENTO,-1,BRAGANCA,-1,B,70000
55,-1,VENDA,SE_SANTA_MARIA_E_MEIXEDO,292170244,USADO,-1,-1,2,BRAGANCA,LOJA,-1,BRAGANCA,-1,-1,39000
340,6,VENDA,SAMIL,292170243,USADO,3600,4,4,BRAGANCA,MORADIA,-1,BRAGANCA,-1,F,212500
192,3,VENDA,BRUNHOZINHO_CASTANHEIRA_E_SANHOANE,286170108,USADO,96,-1,2,MOGADOURO,MORADIA,-1,BRAGANCA,-1,-1,46500
91,1,VENDA,SE_SANTA_MARIA_E_MEIXEDO,292170242,USADO,-1,-1,1,BRAGANCA,APARTAMENTO,-1,BRAGANCA,-1,D,67500
180,6,VENDA,BRUNHOSO,286170106,USADO,2800,-1,2,MOGADOURO,MORADIA_ISOLADA,-1,BRAGANCA,-1,-1,100000
142,3,VENDA,SE_SANTA_MARIA_E_MEIXEDO,292170240,USADO,-1,1,2,BRAGANCA,APARTAMENTO,-1,BRAGANCA,-1,D,80000
330,-1,VENDA,MOGADOURO_VALVERDE_VALE_DE_PORCO_E_VILAR_DE_REI,286170105,ND,397,-1,-1,MOGADOURO,TERRENO_PARA_CONSTRUCAO,-1,BRAGANCA,-1,-1,40000
154,2,VENDA,CASTRELOS_E_CARRAZEDO,292170237,USADO,-1,1,1,BRAGANCA,MORADIA,-1,BRAGANCA,-1,F,33000
24,-1,VENDA,AVELEDA_E_RIO_DE_ONOR,292170236,USADO,-1,-1,-1,BRAGANCA,MORADIA_PARA_RESTAURAR,-1,BRAGANCA,-1,-1,15000
30,-1,VENDA,AVELEDA_E_RIO_DE_ONOR,292170235,USADO,-1,-1,-1,BRAGANCA,MORADIA_PARA_RESTAURAR,-1,BRAGANCA,-1,-1,15000
26,-1,VENDA,AVELEDA_E_RIO_DE_ONOR,292170234,USADO,-1,-1,-1,BRAGANCA,MORADIA_PARA_RESTAURAR,-1,BRAGANCA,-1,-1,18750
204,4,VENDA,FRANCA,292170232,USADO,-1,-1,2,BRAGANCA,MORADIA_RÚSTICA,-1,BRAGANCA,-1,F,85000
673,-1,VENDA,VILARINHO_DOS_GALEGOS_E_VENTOZELO,286170104,ND,52964,-1,1,MOGADOURO,QUINTA,-1,BRAGANCA,-1,-1,300000
208,3,VENDA,MOGADOURO_VALVERDE_VALE_DE_PORCO_E_VILAR_DE_REI,286170103,USADO,-1,1,3,MOGADOURO,APARTAMENTO,-1,BRAGANCA,-1,-1,150000
357,4,VENDA,PARADA_E_FAILDE,292170231,USADO,1161,2,2,BRAGANCA,MORADIA_ISOLADA,-1,BRAGANCA,-1,F,135000
76,1,VENDA,SAMIL,292170230,USADO,-1,-1,1,BRAGANCA,APARTAMENTO,-1,BRAGANCA,-1,E,50000
102,3,VENDA,SE_SANTA_MARIA_E_MEIXEDO,292170229,USADO,146,-1,3,BRAGANCA,MORADIA,-1,BRAGANCA,-1,D,115000
87,-1,VENDA,SE_SANTA_MARIA_E_MEIXEDO,292170228,USADO,-1,-1,1,BRAGANCA,ESCRITORIO,-1,BRAGANCA,-1,C,68000
130,3,VENDA,SE_SANTA_MARIA_E_MEIXEDO,292170227,USADO,-1,1,2,BRAGANCA,APARTAMENTO,-1,BRAGANCA,-1,D,83000
121,2,VENDA,MIRANDA_DO_DOURO,286170102,USADO,-1,2,2,MIRANDA_DO_DOURO,APARTAMENTO,-1,BRAGANCA,-1,-1,112000
220,-1,VENDA,SE_SANTA_MARIA_E_MEIXEDO,292170226,USADO,1000,-1,-1,BRAGANCA,MORADIA_PARA_RESTAURAR,-1,BRAGANCA,-1,-1,50000
108,6,VENDA,SENDAS,292170225,USADO,1010,3,4,BRAGANCA,MORADIA,-1,BRAGANCA,-1,D,130000
303,-1,VENDA,SE_SANTA_MARIA_E_MEIXEDO,292170224,USADO,-1,-1,-1,BRAGANCA,LOJA,-1,BRAGANCA,-1,-1,67000
108,3,VENDA,MOGADOURO_VALVERDE_VALE_DE_PORCO_E_VILAR_DE_REI,286170101,USADO,108,-1,1,MOGADOURO,ANDAR_MORADIA,-1,BRAGANCA,-1,-1,46500
85,1,VENDA,SE_SANTA_MARIA_E_MEIXEDO,292170222,USADO,-1,-1,1,BRAGANCA,APARTAMENTO,-1,BRAGANCA,-1,E,52500
29781,-1,VENDA,MOGADOURO_VALVERDE_VALE_DE_PORCO_E_VILAR_DE_REI,286170100,ND,29781,-1,-1,MOGADOURO,TERRENO,-1,BRAGANCA,-1,-1,65000
300,5,VENDA,SE_SANTA_MARIA_E_MEIXEDO,292170221,USADO,-1,4,4,BRAGANCA,MORADIA,-1,BRAGANCA,-1,E,212000
-1,-1,VENDA,MIRANDA_DO_DOURO,286170099,ND,328,-1,-1,MIRANDA_DO_DOURO,LOTE_DE_TERRENO,-1,BRAGANCA,-1,-1,72000
-1,-1,VENDA,MIRANDA_DO_DOURO,286170098,ND,489,-1,-1,MIRANDA_DO_DOURO,LOTE_DE_TERRENO,-1,BRAGANCA,-1,-1,49500
-1,-1,VENDA,MIRANDA_DO_DOURO,286170097,ND,483,-1,-1,MIRANDA_DO_DOURO,LOTE_DE_TERRENO,-1,BRAGANCA,-1,-1,49000
450,6,VENDA,MOGADOURO_VALVERDE_VALE_DE_PORCO_E_VILAR_DE_REI,286170096,USADO,200,2,2,MOGADOURO,MORADIA,-1,BRAGANCA,-1,-1,155000
140,-1,VENDA,MOGADOURO_VALVERDE_VALE_DE_PORCO_E_VILAR_DE_REI,286170095,USADO,-1,-1,2,MOGADOURO,LOJA,-1,BRAGANCA,-1,-1,49000
364,-1,VENDA,SE_SANTA_MARIA_E_MEIXEDO,292170219,ND,364,-1,-1,BRAGANCA,TERRENO_PARA_CONSTRUCAO,-1,BRAGANCA,-1,-1,58000
360,-1,VENDA,SE_SANTA_MARIA_E_MEIXEDO,292170218,ND,360,-1,-1,BRAGANCA,TERRENO_PARA_CONSTRUCAO,-1,BRAGANCA,-1,-1,58000
365,-1,VENDA,SE_SANTA_MARIA_E_MEIXEDO,292170217,ND,365,-1,-1,BRAGANCA,TERRENO_PARA_CONSTRUCAO,-1,BRAGANCA,-1,-1,58000
367,-1,VENDA,SE_SANTA_MARIA_E_MEIXEDO,292170216,ND,367,-1,-1,BRAGANCA,TERRENO_PARA_CONSTRUCAO,-1,BRAGANCA,-1,-1,58000
315,-1,VENDA,SE_SANTA_MARIA_E_MEIXEDO,292170215,ND,315,-1,-1,BRAGANCA,LOTE_DE_TERRENO,-1,BRAGANCA,-1,-1,58000
200,4,VENDA,SE_SANTA_MARIA_E_MEIXEDO,292170214,USADO,-1,1,2,BRAGANCA,MORADIA,-1,BRAGANCA,-1,E,190000
167,3,VENDA,MOGADOURO_VALVERDE_VALE_DE_PORCO_E_VILAR_DE_REI,286170094,USADO,-1,1,2,MOGADOURO,APARTAMENTO,-1,BRAGANCA,-1,F,94000
96,-1,VENDA,GOSTEI,292170213,USADO,-1,-1,-1,BRAGANCA,MORADIA_PARA_RESTAURAR,-1,BRAGANCA,-1,-1,17500
138,3,VENDA,CASTELO_BRANCO,286170093,USADO,245,1,1,MOGADOURO,MORADIA,-1,BRAGANCA,-1,-1,75000
70,2,VENDA,SE_SANTA_MARIA_E_MEIXEDO,292170212,USADO,-1,-1,2,BRAGANCA,MORADIA,-1,BRAGANCA,-1,D,75000
58,-1,VENDA_ARRENDAMENTO,SE_SANTA_MARIA_E_MEIXEDO,292170211,USADO,-1,-1,-1,BRAGANCA,ARMAZEM,600,BRAGANCA,-1,-1,100000
328,4,VENDA,MOGADOURO_VALVERDE_VALE_DE_PORCO_E_VILAR_DE_REI,286170092,USADO,1250,1,5,MOGADOURO,MORADIA,-1,BRAGANCA,-1,-1,-1
512,-1,VENDA,SE_SANTA_MARIA_E_MEIXEDO,292170210,ND,512,-1,-1,BRAGANCA,LOTE_DE_TERRENO,-1,BRAGANCA,-1,-1,30000
397,-1,VENDA,SE_SANTA_MARIA_E_MEIXEDO,292170209,ND,397,-1,-1,BRAGANCA,LOTE_DE_TERRENO,-1,BRAGANCA,-1,-1,30000
409,-1,VENDA,SE_SANTA_MARIA_E_MEIXEDO,292170208,ND,409,-1,-1,BRAGANCA,LOTE_DE_TERRENO,-1,BRAGANCA,SAO_JOAO_DE_BRITO,-1,30000
301,-1,VENDA,SE_SANTA_MARIA_E_MEIXEDO,292170207,ND,301,-1,-1,BRAGANCA,LOTE_DE_TERRENO,-1,BRAGANCA,-1,-1,20000
409,-1,VENDA,SE_SANTA_MARIA_E_MEIXEDO,292170206,ND,409,-1,-1,BRAGANCA,LOTE_DE_TERRENO,-1,BRAGANCA,-1,-1,30000
503,-1,VENDA,SE_SANTA_MARIA_E_MEIXEDO,292170205,ND,503,-1,-1,BRAGANCA,LOTE_DE_TERRENO,-1,BRAGANCA,-1,-1,30000
524,-1,VENDA,SE_SANTA_MARIA_E_MEIXEDO,292170204,ND,524,-1,-1,BRAGANCA,LOTE_DE_TERRENO,-1,BRAGANCA,-1,-1,30000
525,-1,VENDA,SE_SANTA_MARIA_E_MEIXEDO,292170203,ND,525,-1,-1,BRAGANCA,LOTE_DE_TERRENO,-1,BRAGANCA,-1,-1,30000
389,-1,VENDA,SE_SANTA_MARIA_E_MEIXEDO,292170202,ND,389,-1,-1,BRAGANCA,LOTE_DE_TERRENO,-1,BRAGANCA,-1,-1,20000
96,3,VENDA,NOGUEIRA,292170201,USADO,300,1,1,BRAGANCA,MORADIA,-1,BRAGANCA,-1,E,100000
216,4,VENDA,SE_SANTA_MARIA_E_MEIXEDO,292170200,USADO,-1,3,2,BRAGANCA,MORADIA,-1,BRAGANCA,-1,E,122000
103,2,VENDA,SE_SANTA_MARIA_E_MEIXEDO,292170199,USADO,-1,1,1,BRAGANCA,APARTAMENTO,-1,BRAGANCA,-1,D,75000
104,3,VENDA,SE_SANTA_MARIA_E_MEIXEDO,292170198,USADO,-1,-1,2,BRAGANCA,APARTAMENTO,-1,BRAGANCA,-1,E,77000
80,3,VENDA,SE_SANTA_MARIA_E_MEIXEDO,292170196,USADO,20,-1,1,BRAGANCA,MORADIA,-1,BRAGANCA,-1,D,85000
1104,-1,VENDA,SE_SANTA_MARIA_E_MEIXEDO,292170195,ND,1104,-1,-1,BRAGANCA,LOTE_DE_TERRENO,-1,BRAGANCA,-1,-1,120000
440,3,VENDA,DONAI,292170194,USADO,-1,-1,1,BRAGANCA,MORADIA,-1,BRAGANCA,-1,D,125000
108,3,VENDA,SE_SANTA_MARIA_E_MEIXEDO,292170193,USADO,-1,-1,1,BRAGANCA,ANDAR_MORADIA,-1,BRAGANCA,-1,F,90000
150,3,VENDA,SE_SANTA_MARIA_E_MEIXEDO,292170190,USADO,-1,-1,2,BRAGANCA,MORADIA,-1,BRAGANCA,-1,E,85000
134,3,VENDA,SE_SANTA_MARIA_E_MEIXEDO,292170189,USADO,-1,1,2,BRAGANCA,APARTAMENTO,-1,BRAGANCA,-1,D,95000
20000,-1,VENDA,NOGUEIRA,292170187,ND,20000,-1,-1,BRAGANCA,TERRENO_PARA_CONSTRUCAO,-1,BRAGANCA,-1,-1,115000
228,3,VENDA,PARADA_E_FAILDE,292170186,USADO,398,1,1,BRAGANCA,MORADIA,-1,BRAGANCA,-1,F,97000
129,3,VENDA,SE_SANTA_MARIA_E_MEIXEDO,292170185,USADO,-1,1,2,BRAGANCA,APARTAMENTO,-1,BRAGANCA,-1,C,90000
168,-1,VENDA,SE_SANTA_MARIA_E_MEIXEDO,292170184,USADO,78,-1,-1,BRAGANCA,MORADIA_PARA_RESTAURAR,-1,BRAGANCA,-1,-1,55000
124,3,VENDA,SE_SANTA_MARIA_E_MEIXEDO,292170183,USADO,-1,1,2,BRAGANCA,APARTAMENTO,-1,BRAGANCA,-1,C,85000
300,4,VENDA,REBORDAOS,292170182,USADO,-1,-1,2,BRAGANCA,MORADIA,-1,BRAGANCA,-1,F,75000
152,3,VENDA,SE_SANTA_MARIA_E_MEIXEDO,292170181,USADO,-1,1,1,BRAGANCA,MORADIA_GEMINADA,-1,BRAGANCA,-1,F,120000
140,4,VENDA,SE_SANTA_MARIA_E_MEIXEDO,292170180,USADO,-1,1,2,BRAGANCA,APARTAMENTO,-1,BRAGANCA,-1,C,117000
180,4,VENDA,VIMIOSO,292170179,USADO,-1,4,3,VIMIOSO,MORADIA,-1,BRAGANCA,-1,F,65000
126,-1,VENDA_ARRENDAMENTO,SE_SANTA_MARIA_E_MEIXEDO,292170176,USADO,-1,-1,-1,BRAGANCA,LOJA,350,BRAGANCA,-1,-1,90000
250,6,VENDA,MIRANDA_DO_DOURO,286170091,USADO,150,2,2,MIRANDA_DO_DOURO,PREDIO,-1,BRAGANCA,-1,-1,130000
400,-1,VENDA,SANTA_COMBA_DE_ROSSAS,292170174,ND,400,-1,-1,BRAGANCA,TERRENO_PARA_CONSTRUCAO,-1,BRAGANCA,-1,-1,30000
160,3,VENDA,CARRAGOSA,292170173,USADO,1870,5,2,BRAGANCA,MORADIA,-1,BRAGANCA,-1,E,180000
120,3,VENDA,CASTELO_BRANCO,286170089,USADO,45,-1,1,MOGADOURO,MORADIA,-1,BRAGANCA,-1,-1,40000
60,1,VENDA,MOIMENTA_E_MONTOUTO,292170170,USADO,400,-1,1,VINHAIS,MORADIA_RÚSTICA,-1,BRAGANCA,-1,-1,60000
100,3,VENDA,CASTRELOS_E_CARRAZEDO,292170169,USADO,-1,1,2,BRAGANCA,MORADIA,-1,BRAGANCA,-1,F,55000
1500,-1,VENDA,SAMIL,292170167,ND,1500,-1,-1,BRAGANCA,TERRENO_PARA_CONSTRUCAO,-1,BRAGANCA,-1,-1,100000
64,1,VENDA,SE_SANTA_MARIA_E_MEIXEDO,292170166,NOVO,-1,1,1,BRAGANCA,APARTAMENTO,-1,BRAGANCA,-1,-1,86000
129,2,VENDA,SE_SANTA_MARIA_E_MEIXEDO,292170165,NOVO,-1,1,2,BRAGANCA,APARTAMENTO,-1,BRAGANCA,-1,-1,135000
187,3,VENDA,SE_SANTA_MARIA_E_MEIXEDO,292170164,NOVO,-1,1,3,BRAGANCA,APARTAMENTO,-1,BRAGANCA,-1,A+,150000
135,-1,VENDA_ARRENDAMENTO,MIRANDA_DO_DOURO,286170086,USADO,-1,-1,-1,MIRANDA_DO_DOURO,LOJA,350,BRAGANCA,-1,-1,40000
141,3,VENDA,MIRANDA_DO_DOURO,286170085,USADO,-1,-1,2,MIRANDA_DO_DOURO,APARTAMENTO,-1,BRAGANCA,-1,-1,90000
417,-1,VENDA,MIRANDA_DO_DOURO,286170084,USADO,350,-1,-1,MIRANDA_DO_DOURO,PREDIO,-1,BRAGANCA,-1,-1,250000
396,-1,VENDA,SE_SANTA_MARIA_E_MEIXEDO,292170163,USADO,-1,-1,-1,BRAGANCA,MORADIA_PARA_RESTAURAR,-1,BRAGANCA,-1,-1,50000
280,4,VENDA,CASTRELOS_E_CARRAZEDO,292170162,USADO,770,1,2,BRAGANCA,MORADIA,-1,BRAGANCA,-1,D,90000
374,4,VENDA,GIMONDE,292170161,USADO,800,2,4,BRAGANCA,MORADIA,-1,BRAGANCA,-1,D,310000
38,1,VENDA,SE_SANTA_MARIA_E_MEIXEDO,292170160,USADO,-1,-1,1,BRAGANCA,APARTAMENTO,-1,BRAGANCA,-1,E,40000
299,3,VENDA,MOGADOURO_VALVERDE_VALE_DE_PORCO_E_VILAR_DE_REI,286170082,USADO,600,1,1,MOGADOURO,MORADIA,-1,BRAGANCA,-1,F,120000
82,3,VENDA,SE_SANTA_MARIA_E_MEIXEDO,292170158,USADO,-1,-1,1,BRAGANCA,APARTAMENTO,-1,BRAGANCA,-1,D,59000
380,3,VENDA,SE_SANTA_MARIA_E_MEIXEDO,292170157,USADO,-1,3,2,BRAGANCA,MORADIA,-1,BRAGANCA,-1,-1,300000
125,-1,VENDA,SE_SANTA_MARIA_E_MEIXEDO,292170156,USADO,-1,-1,-1,BRAGANCA,LOJA,-1,BRAGANCA,-1,D,125000
180,-1,VENDA,SE_SANTA_MARIA_E_MEIXEDO,292170155,USADO,-1,-1,-1,BRAGANCA,PREDIO,-1,BRAGANCA,-1,E,120000
120,3,VENDA_ARRENDAMENTO,MACEDO_DE_CAVALEIROS,292170154,USADO,-1,-1,2,MACEDO_DE_CAVALEIROS,APARTAMENTO,350,BRAGANCA,-1,-1,87500
230,-1,VENDA,CARCAO,292170152,ND,510,-1,-1,VIMIOSO,TERRENO_PARA_CONSTRUCAO,-1,BRAGANCA,-1,-1,-1
136,3,VENDA,SE_SANTA_MARIA_E_MEIXEDO,292170150,USADO,-1,1,2,BRAGANCA,APARTAMENTO,-1,BRAGANCA,-1,C,82000
48,2,VENDA,PICOTE,286170081,NOVO,2960,-1,1,MIRANDA_DO_DOURO,MORADIA,-1,BRAGANCA,-1,F,29900
249,-1,VENDA,PARADA_E_FAILDE,292170149,USADO,37,-1,-1,BRAGANCA,MORADIA_PARA_RESTAURAR,-1,BRAGANCA,-1,-1,40000
14050,-1,VENDA,SE_SANTA_MARIA_E_MEIXEDO,292170147,ND,14050,-1,-1,BRAGANCA,TERRENO_RÚSTICO,-1,BRAGANCA,-1,-1,39000
130,7,VENDA,BRUNHOZINHO_CASTANHEIRA_E_SANHOANE,286170080,USADO,100,2,2,MOGADOURO,MORADIA,-1,BRAGANCA,-1,F,60000
166,-1,VENDA,GOSTEI,292170146,USADO,-1,-1,-1,BRAGANCA,MORADIA_PARA_RESTAURAR,-1,BRAGANCA,-1,-1,20000
115,2,VENDA,MOGADOURO_VALVERDE_VALE_DE_PORCO_E_VILAR_DE_REI,286170079,USADO,105,1,2,MOGADOURO,APARTAMENTO,-1,BRAGANCA,-1,B,106500
160,-1,VENDA,SE_SANTA_MARIA_E_MEIXEDO,292170145,USADO,-1,-1,-1,BRAGANCA,MORADIA_PARA_RESTAURAR,-1,BRAGANCA,-1,-1,20000
276,-1,VENDA,SE_SANTA_MARIA_E_MEIXEDO,292170130,USADO,-1,-1,-1,BRAGANCA,PREDIO,-1,BRAGANCA,-1,-1,80000
120,-1,VENDA_ARRENDAMENTO,MIRANDA_DO_DOURO,286170071,USADO,-1,-1,2,MIRANDA_DO_DOURO,RESTAURANTE,550,BRAGANCA,-1,-1,110000
145,3,VENDA,SE_SANTA_MARIA_E_MEIXEDO,292170128,USADO,-1,1,2,BRAGANCA,APARTAMENTO,-1,BRAGANCA,-1,D,105000
392,-1,VENDA,SE_SANTA_MARIA_E_MEIXEDO,292170127,USADO,-1,-1,-1,BRAGANCA,PREDIO,-1,BRAGANCA,-1,F,295000
126,2,VENDA,RIO_FRIO_E_MILHAO,292170126,USADO,-1,1,1,BRAGANCA,MORADIA,-1,BRAGANCA,-1,B-,90000
886,22,VENDA,VINHAIS,067170409,USADO,886,-1,-1,VINHAIS,PREDIO,-1,BRAGANCA,-1,-1,300000
76,1,VENDA,SE_SANTA_MARIA_E_MEIXEDO,292170125,USADO,-1,-1,1,BRAGANCA,APARTAMENTO,-1,BRAGANCA,-1,F,53000
189,-1,VENDA,SE_SANTA_MARIA_E_MEIXEDO,292170124,USADO,-1,-1,-1,BRAGANCA,PREDIO,-1,BRAGANCA,-1,-1,70000
320,3,VENDA,CELAS,292170122,USADO,-1,-1,3,VINHAIS,MORADIA,-1,BRAGANCA,-1,E,86000
165,4,VENDA,SE_SANTA_MARIA_E_MEIXEDO,292170121,USADO,-1,4,2,BRAGANCA,ANDAR_MORADIA,-1,BRAGANCA,-1,F,110000
300,5,VENDA,SE_SANTA_MARIA_E_MEIXEDO,292170120,USADO,100,2,4,BRAGANCA,MORADIA,-1,BRAGANCA,-1,A,250000
650,-1,VENDA,SE_SANTA_MARIA_E_MEIXEDO,292170119,ND,650,-1,-1,BRAGANCA,TERRENO_PARA_CONSTRUCAO,-1,BRAGANCA,-1,-1,130000
340,-1,VENDA,PINELA,292170118,USADO,-1,-1,-1,BRAGANCA,MORADIA_PARA_RESTAURAR,-1,BRAGANCA,-1,-1,25000
240,3,VENDA,SE_SANTA_MARIA_E_MEIXEDO,292170117,USADO,2300,2,1,BRAGANCA,MORADIA,-1,BRAGANCA,-1,E,-1
853,-1,VENDA,SE_SANTA_MARIA_E_MEIXEDO,292170116,ND,853,-1,-1,BRAGANCA,TERRENO_PARA_CONSTRUCAO,-1,BRAGANCA,-1,-1,50000
126,3,VENDA,SENDIM_E_ATENOR,286170070,USADO,60,-1,2,MIRANDA_DO_DOURO,MORADIA,-1,BRAGANCA,-1,-1,107000
189,-1,VENDA_ARRENDAMENTO,SE_SANTA_MARIA_E_MEIXEDO,292170115,USADO,-1,-1,1,BRAGANCA,ARMAZEM,250,BRAGANCA,-1,-1,55000
175,-1,VENDA_ARRENDAMENTO,SE_SANTA_MARIA_E_MEIXEDO,292170114,USADO,-1,-1,1,BRAGANCA,ARMAZEM,250,BRAGANCA,-1,-1,55000
106,2,VENDA,IFANES_E_PARADELA,286170069,USADO,53,-1,1,MIRANDA_DO_DOURO,MORADIA_PARA_RESTAURAR,-1,BRAGANCA,-1,-1,17000
357,-1,VENDA,SE_SANTA_MARIA_E_MEIXEDO,292170111,USADO,-1,-1,-1,BRAGANCA,PREDIO,-1,BRAGANCA,-1,-1,75000
134,3,VENDA,SAMIL,292170108,USADO,-1,2,2,BRAGANCA,APARTAMENTO,-1,BRAGANCA,-1,E,95000
180,4,VENDA,CASTRO_DE_AVELAS,292170106,USADO,1122,-1,2,BRAGANCA,MORADIA,-1,BRAGANCA,-1,E,130000
140,3,VENDA,SOEIRA_FRESULFE_E_MOFREITA,292170105,USADO,-1,-1,2,VINHAIS,MORADIA_RÚSTICA,-1,BRAGANCA,-1,E,-1
6413,52,VENDA,MIRANDA_DO_DOURO,286170066,NOVO,91615,-1,-1,MIRANDA_DO_DOURO,HOTEL,-1,BRAGANCA,-1,-1,700000
-1,-1,VENDA,CASTANHEIRO_DO_NORTE_E_RIBALONGA,286170065,CONSTRUCAO,1100,-1,-1,CARRAZEDA_DE_ANSIAES,PREDIO,-1,BRAGANCA,-1,-1,117000
220,5,VENDA,MIRANDA_DO_DOURO,286170064,USADO,177,1,3,MIRANDA_DO_DOURO,MORADIA,-1,BRAGANCA,-1,-1,125000
150,3,VENDA,SE_SANTA_MARIA_E_MEIXEDO,292170103,USADO,-1,-1,1,BRAGANCA,MORADIA_PARA_RESTAURAR,-1,BRAGANCA,-1,-1,50000
113,2,VENDA,SE_SANTA_MARIA_E_MEIXEDO,292170101,USADO,-1,-1,1,BRAGANCA,APARTAMENTO,-1,BRAGANCA,-1,F,60000
5000,-1,VENDA,SE_SANTA_MARIA_E_MEIXEDO,292170100,ND,5000,-1,-1,BRAGANCA,TERRENO_PARA_CONSTRUCAO,-1,BRAGANCA,-1,-1,57000
14,-1,VENDA,SE_SANTA_MARIA_E_MEIXEDO,292170096,USADO,-1,-1,1,BRAGANCA,LOJA,-1,BRAGANCA,-1,C,19500
41,1,VENDA,SE_SANTA_MARIA_E_MEIXEDO,292170094,USADO,-1,-1,1,BRAGANCA,APARTAMENTO,-1,BRAGANCA,-1,D,47500
142,-1,VENDA,NUNES_E_OUSILHAO,292170093,USADO,900,-1,2,VINHAIS,FABRICAINDÚSTRIA,-1,BRAGANCA,-1,-1,80000
308,-1,VENDA,SALSAS,292170092,USADO,154,-1,-1,BRAGANCA,MORADIA_PARA_RESTAURAR,-1,BRAGANCA,-1,-1,25000
80,2,VENDA,MACEDO_DE_CAVALEIROS,292170091,USADO,-1,-1,1,MACEDO_DE_CAVALEIROS,APARTAMENTO,-1,BRAGANCA,-1,-1,42000
104,3,VENDA,BACAL,292170088,USADO,-1,-1,1,BRAGANCA,MORADIA,-1,BRAGANCA,-1,-1,80000
40,-1,VENDA,NOGUEIRA,292170086,USADO,225,-1,-1,BRAGANCA,MORADIA,-1,BRAGANCA,-1,-1,21000
399,4,VENDA,GIMONDE,292170085,USADO,7930,6,3,BRAGANCA,MORADIA,-1,BRAGANCA,-1,F,-1
816,13,VENDA,SE_SANTA_MARIA_E_MEIXEDO,292170083,USADO,174,2,6,BRAGANCA,MORADIA,-1,BRAGANCA,-1,F,350000
630,-1,VENDA,SE_SANTA_MARIA_E_MEIXEDO,292170079,ND,630,-1,-1,BRAGANCA,TERRENO_PARA_CONSTRUCAO,-1,BRAGANCA,-1,-1,97000
10530,-1,VENDA,GIMONDE,292170077,ND,10530,-1,-1,BRAGANCA,TERRENO_PARA_CONSTRUCAO,-1,BRAGANCA,-1,-1,56500
66,-1,VENDA,SE_SANTA_MARIA_E_MEIXEDO,292170076,USADO,-1,-1,-1,BRAGANCA,MORADIA_PARA_RESTAURAR,-1,BRAGANCA,-1,-1,27000
75,1,VENDA,ALGOSO_CAMPO_DE_VIBORAS_E_UVA,286170061,USADO,55,-1,1,VIMIOSO,MORADIA_RÚSTICA,-1,BRAGANCA,-1,-1,42000
-1,-1,VENDA,VALE_DA_MADRE,286170060,ND,5030,-1,-1,MOGADOURO,TERRENO,-1,BRAGANCA,-1,-1,8000
120,3,VENDA,MIRANDA_DO_DOURO,286170058,USADO,-1,-1,2,MIRANDA_DO_DOURO,APARTAMENTO,-1,BRAGANCA,-1,-1,90000
607,-1,VENDA,MIRANDELA,256170174,ND,607,-1,-1,MIRANDELA,TERRENO_PARA_CONSTRUCAO,-1,BRAGANCA,-1,-1,51000
-1,-1,VENDA,MOGADOURO_VALVERDE_VALE_DE_PORCO_E_VILAR_DE_REI,286170057,NOVO,517,-1,-1,MOGADOURO,MORADIA,-1,BRAGANCA,-1,-1,350000
98,-1,VENDA,FREIXO_DE_ESPADA_A_CINTA_E_MAZOUCO,286170055,USADO,82,-1,-1,FREIXO_ESPADA_A_CINTA,MORADIA_PARA_RESTAURAR,-1,BRAGANCA,-1,-1,30000
288,3,VENDA,DONAI,292170066,USADO,1452,3,2,BRAGANCA,MORADIA,-1,BRAGANCA,-1,D,195000
175,4,VENDA,SE_SANTA_MARIA_E_MEIXEDO,292170065,USADO,-1,2,3,BRAGANCA,DUPLEX,-1,BRAGANCA,-1,B-,145000
312,4,VENDA,VIMIOSO,286170054,USADO,208,1,2,VIMIOSO,MORADIA,-1,BRAGANCA,-1,F,125000
145,-1,VENDA,CASTRO_VICENTE,286170053,USADO,-1,-1,-1,MOGADOURO,MORADIA_ISOLADA,-1,BRAGANCA,-1,-1,20000
-1,-1,VENDA,MOGADOURO_VALVERDE_VALE_DE_PORCO_E_VILAR_DE_REI,286170051,ND,26248,-1,-1,MOGADOURO,TERRENO_RÚSTICO,-1,BRAGANCA,-1,-1,31000
-1,-1,VENDA,MOGADOURO_VALVERDE_VALE_DE_PORCO_E_VILAR_DE_REI,286170050,ND,6750,-1,-1,MOGADOURO,TERRENO_RÚSTICO,-1,BRAGANCA,-1,-1,11500
-1,-1,VENDA,MOGADOURO_VALVERDE_VALE_DE_PORCO_E_VILAR_DE_REI,286170049,ND,12375,-1,-1,MOGADOURO,TERRENO_RÚSTICO,-1,BRAGANCA,-1,-1,15500
-1,-1,VENDA,MOGADOURO_VALVERDE_VALE_DE_PORCO_E_VILAR_DE_REI,286170048,ND,8187,-1,-1,MOGADOURO,TERRENO_RÚSTICO,-1,BRAGANCA,-1,-1,13500
360,3,VENDA,IZEDA_CALVELHE_E_PARADINHA_NOVA,292170063,USADO,-1,-1,2,BRAGANCA,PREDIO,-1,BRAGANCA,-1,-1,160000
389,-1,VENDA,MIRANDA_DO_DOURO,286170047,USADO,313,-1,-1,MIRANDA_DO_DOURO,MORADIA_PARA_RESTAURAR,-1,BRAGANCA,-1,F,200000
550,5,VENDA,TORRE_DE_MONCORVO,256170145,USADO,35000,7,4,TORRE_DE_MONCORVO,MORADIA_ISOLADA,-1,BRAGANCA,-1,E,360000
-1,-1,VENDA,MOGADOURO_VALVERDE_VALE_DE_PORCO_E_VILAR_DE_REI,286170046,ND,4050,-1,-1,MOGADOURO,LOTE_INDUSTRIAL,-1,BRAGANCA,-1,-1,120000
13700,-1,VENDA,SANTA_COMBA_DE_ROSSAS,292170062,ND,13700,-1,-1,BRAGANCA,TERRENO_RÚSTICO,-1,BRAGANCA,-1,-1,25000
2927,-1,VENDA,MACEDO_DE_CAVALEIROS,292170061,ND,2927,-1,-1,MACEDO_DE_CAVALEIROS,TERRENO_PARA_CONSTRUCAO,-1,BRAGANCA,-1,-1,100000
294,-1,VENDA,CASTELO_BRANCO,286170045,USADO,174,-1,-1,MOGADOURO,MORADIA_PARA_RESTAURAR,-1,BRAGANCA,-1,-1,22000
192,2,VENDA,VIMIOSO,286170043,USADO,96,-1,2,VIMIOSO,MORADIA_PARA_RESTAURAR,-1,BRAGANCA,-1,-1,25000
152,3,VENDA,MOGADOURO_VALVERDE_VALE_DE_PORCO_E_VILAR_DE_REI,286170042,USADO,-1,2,2,MOGADOURO,APARTAMENTO,-1,BRAGANCA,-1,D,116000
131,-1,VENDA_ARRENDAMENTO,MIRANDA_DO_DOURO,286170041,USADO,-1,-1,3,MIRANDA_DO_DOURO,LOJA,250,BRAGANCA,-1,-1,70000
563,-1,VENDA,SE_SANTA_MARIA_E_MEIXEDO,292170058,USADO,222,-1,-1,BRAGANCA,PREDIO,-1,BRAGANCA,-1,-1,110000
320,4,VENDA,SE_SANTA_MARIA_E_MEIXEDO,292170057,USADO,105,1,4,BRAGANCA,MORADIA,-1,BRAGANCA,-1,D,215000
1700,-1,VENDA,DONAI,292170056,ND,1700,-1,-1,BRAGANCA,TERRENO_PARA_CONSTRUCAO,-1,BRAGANCA,-1,-1,60000
180,3,VENDA,VALE_DA_MADRE,286170038,NOVO,3125,-1,2,MOGADOURO,MORADIA_ISOLADA,-1,BRAGANCA,-1,-1,-1
420,-1,VENDA,SE_SANTA_MARIA_E_MEIXEDO,292170054,ND,420,-1,-1,BRAGANCA,TERRENO_PARA_CONSTRUCAO,-1,BRAGANCA,-1,-1,65000
240,3,VENDA,NOGUEIRA,292170052,USADO,900,2,1,BRAGANCA,MORADIA,-1,BRAGANCA,-1,E,99500
186,5,VENDA,BACAL,292170050,USADO,-1,3,2,BRAGANCA,MORADIA,-1,BRAGANCA,-1,E,125000
240,4,VENDA,SE_SANTA_MARIA_E_MEIXEDO,292170048,USADO,-1,1,3,BRAGANCA,MORADIA_GEMINADA,-1,BRAGANCA,-1,E,170000
469,-1,VENDA,PICOTE,286170034,CONSTRUCAO,1115,-1,-1,MIRANDA_DO_DOURO,MORADIA_PARA_RESTAURAR,-1,BRAGANCA,-1,B,70000
105,3,VENDA,MIRANDELA,256170106,NOVO,-1,1,2,MIRANDELA,APARTAMENTO,-1,BRAGANCA,-1,D,120000
131,3,VENDA,MIRANDELA,256170103,NOVO,-1,1,2,MIRANDELA,APARTAMENTO,-1,BRAGANCA,-1,D,125000
164,-1,VENDA,SE_SANTA_MARIA_E_MEIXEDO,292170044,USADO,-1,-1,-1,BRAGANCA,MORADIA_PARA_RESTAURAR,-1,BRAGANCA,-1,-1,85000
315,6,VENDA,CASTRELOS_E_CARRAZEDO,292170043,USADO,90,2,2,BRAGANCA,MORADIA,-1,BRAGANCA,-1,F,200000
108,3,VENDA,SE_SANTA_MARIA_E_MEIXEDO,292170042,USADO,596,-1,1,BRAGANCA,MORADIA,-1,BRAGANCA,-1,E,125000
77,2,VENDA,SE_SANTA_MARIA_E_MEIXEDO,292170040,USADO,-1,1,2,BRAGANCA,APARTAMENTO,-1,BRAGANCA,-1,A,85000
374,5,VENDA,BACAL,292170039,NOVO,1300,2,4,BRAGANCA,MORADIA,-1,BRAGANCA,-1,A+,215000
1240,-1,VENDA,DONAI,292170038,ND,1240,-1,-1,BRAGANCA,TERRENO_PARA_CONSTRUCAO,-1,BRAGANCA,-1,-1,44000
-1,-1,VENDA,BEMPOSTA,286170026,ND,840,-1,-1,MOGADOURO,TERRENO_URBANO,-1,BRAGANCA,-1,-1,39500
148,-1,VENDA,REMONDES_E_SOUTELO,286170025,USADO,92,-1,-1,MOGADOURO,MORADIA_PARA_RESTAURAR,-1,BRAGANCA,-1,-1,15000
24000,-1,VENDA,DONAI,292170037,ND,24000,-1,-1,BRAGANCA,TERRENO_RÚSTICO,-1,BRAGANCA,-1,-1,181000
367,-1,VENDA,MOGADOURO_VALVERDE_VALE_DE_PORCO_E_VILAR_DE_REI,286170023,ND,5334,-1,-1,MOGADOURO,QUINTA,-1,BRAGANCA,-1,-1,160000
278,-1,VENDA,SE_SANTA_MARIA_E_MEIXEDO,292170036,USADO,-1,3,-1,BRAGANCA,PREDIO,-1,BRAGANCA,-1,D,160000
-1,-1,VENDA,BEMPOSTA,286170022,ND,2040,-1,-1,MOGADOURO,LOTE_DE_TERRENO,-1,BRAGANCA,-1,-1,60000
1000,-1,VENDA,MIRANDELA,256170054,ND,624,-1,-1,MIRANDELA,LOTE_DE_TERRENO,-1,BRAGANCA,-1,-1,80000
280,5,VENDA,MIRANDA_DO_DOURO,286170020,USADO,1022,3,4,MIRANDA_DO_DOURO,MORADIA_ISOLADA,-1,BRAGANCA,-1,F,250000
55,2,VENDA,NOGUEIRA,292170033,USADO,144,-1,1,BRAGANCA,MORADIA_PARA_RESTAURAR,-1,BRAGANCA,-1,-1,17500
94,-1,VENDA,NOGUEIRA,292170032,USADO,245,-1,-1,BRAGANCA,MORADIA_PARA_RESTAURAR,-1,BRAGANCA,-1,-1,11000
270,2,VENDA,SE_SANTA_MARIA_E_MEIXEDO,292170031,USADO,-1,1,2,BRAGANCA,APARTAMENTO,-1,BRAGANCA,-1,D,80000
-1,-1,VENDA,MIRANDELA,256170043,ND,680,2,-1,MIRANDELA,LOTE_DE_TERRENO,-1,BRAGANCA,-1,-1,77000
400,-1,VENDA,CASTELO_BRANCO,286170018,USADO,400,-1,-1,MOGADOURO,OUTRO_TIPO,-1,BRAGANCA,-1,-1,62000
640,-1,VENDA,CASTELO_BRANCO,286170015,USADO,400,-1,-1,MOGADOURO,MORADIA_DEVOLUTA,-1,BRAGANCA,-1,-1,86500
148,-1,VENDA,-1,286170014,USADO,87,-1,-1,MIRANDA_DO_DOURO,MORADIA_PARA_RESTAURAR,-1,BRAGANCA,-1,-1,25000
476,-1,VENDA,POVOA,286170013,USADO,312,-1,-1,MIRANDA_DO_DOURO,MORADIA_PARA_RESTAURAR,-1,BRAGANCA,-1,F,60000
50,-1,VENDA,SE_SANTA_MARIA_E_MEIXEDO,292170028,USADO,-1,-1,-1,BRAGANCA,MORADIA,-1,BRAGANCA,-1,F,30000
130,3,VENDA,SE_SANTA_MARIA_E_MEIXEDO,292170023,USADO,-1,-1,3,BRAGANCA,APARTAMENTO,-1,BRAGANCA,-1,F,50000
882,-1,VENDA_ARRENDAMENTO,SE_SANTA_MARIA_E_MEIXEDO,292170021,USADO,80,-1,-1,BRAGANCA,ARMAZEM,-1,BRAGANCA,-1,-1,80000
117,3,VENDA,SE_SANTA_MARIA_E_MEIXEDO,292170020,USADO,-1,1,2,BRAGANCA,APARTAMENTO,-1,BRAGANCA,-1,C,90000
484,-1,VENDA,SE_SANTA_MARIA_E_MEIXEDO,292170018,USADO,184,-1,-1,BRAGANCA,PREDIO,-1,BRAGANCA,-1,-1,120000
533,6,VENDA,VINHAIS,292170008,USADO,5000,-1,5,VINHAIS,MORADIA,-1,BRAGANCA,-1,C,-1
160,-1,VENDA,VILA_DE_ALA,286170010,USADO,3475,-1,-1,MOGADOURO,MORADIA_PARA_RESTAURAR,-1,BRAGANCA,-1,-1,51500
749,3,VENDA,CASTRO_DE_AVELAS,292170003,NOVO,-1,-1,4,BRAGANCA,MORADIA,-1,BRAGANCA,-1,-1,-1
168,-1,VENDA,VILA_DE_ALA,286170009,USADO,850,-1,-1,MOGADOURO,MORADIA_PARA_RESTAURAR,-1,BRAGANCA,-1,-1,51500
77,-1,VENDA,VILA_DE_ALA,286170008,USADO,77,-1,-1,MOGADOURO,MORADIA_PARA_RESTAURAR,-1,BRAGANCA,-1,-1,15000
166,-1,VENDA,VILA_DE_ALA,286170007,USADO,166,-1,-1,MOGADOURO,MORADIA_PARA_RESTAURAR,-1,BRAGANCA,-1,-1,15000
125,2,VENDA,MIRANDA_DO_DOURO,286170006,NOVO,-1,2,2,MIRANDA_DO_DOURO,APARTAMENTO,-1,BRAGANCA,-1,F,86500
120,2,VENDA,MIRANDA_DO_DOURO,286170005,NOVO,-1,2,2,MIRANDA_DO_DOURO,APARTAMENTO,-1,BRAGANCA,-1,D,86500
149,3,VENDA,MIRANDA_DO_DOURO,286170004,NOVO,-1,2,3,MIRANDA_DO_DOURO,APARTAMENTO,-1,BRAGANCA,-1,F,107000
154,3,VENDA,MIRANDA_DO_DOURO,286170003,NOVO,-1,2,3,MIRANDA_DO_DOURO,APARTAMENTO,-1,BRAGANCA,-1,F,107000
-1,-1,VENDA,MIRANDA_DO_DOURO,286170002,ND,148,-1,-1,MIRANDA_DO_DOURO,LOTE_DE_TERRENO,-1,BRAGANCA,-1,-1,35000
240,4,VENDA,POVOA,286170001,USADO,120,-1,-1,MIRANDA_DO_DOURO,MORADIA_PARA_RESTAURAR,-1,BRAGANCA,-1,F,55000
290,6,VENDA,FRANCA,292160238,USADO,2000,-1,4,BRAGANCA,MORADIA_RÚSTICA,-1,BRAGANCA,-1,D,180000
280,3,VENDA,REMONDES_E_SOUTELO,286160184,USADO,140,3,2,MOGADOURO,MORADIA_PARA_RESTAURAR,-1,BRAGANCA,-1,F,50000
111,2,VENDA,SE_SANTA_MARIA_E_MEIXEDO,292160235,USADO,-1,-1,1,BRAGANCA,APARTAMENTO,-1,BRAGANCA,-1,-1,107000
120,-1,VENDA,VILA_CHA_DE_BRACIOSA,286160183,CONSTRUCAO,126,-1,-1,MIRANDA_DO_DOURO,MORADIA_PARA_RESTAURAR,-1,BRAGANCA,-1,-1,35000
190,-1,VENDA,VILA_DE_ALA,286160182,USADO,230,-1,-1,MOGADOURO,MORADIA_PARA_RESTAURAR,-1,BRAGANCA,-1,-1,43650
130,3,VENDA,MIRANDELA,256160405,USADO,-1,2,2,MIRANDELA,APARTAMENTO,-1,BRAGANCA,-1,E,60000
368,-1,VENDA,SE_SANTA_MARIA_E_MEIXEDO,292160230,ND,368,-1,-1,BRAGANCA,TERRENO_PARA_CONSTRUCAO,-1,BRAGANCA,-1,-1,21500
349,3,VENDA,TRAVANCA,286160181,CONSTRUCAO,880,2,2,MOGADOURO,MORADIA_ISOLADA,-1,BRAGANCA,-1,-1,75000
240,-1,VENDA,BEMPOSTA,286160180,USADO,150,-1,-1,MOGADOURO,MORADIA_PARA_RESTAURAR,-1,BRAGANCA,-1,F,17500
210,4,VENDA,SE_SANTA_MARIA_E_MEIXEDO,292160227,USADO,120,1,3,BRAGANCA,MORADIA_GEMINADA,-1,BRAGANCA,-1,D,187000
150,3,VENDA,PEREDO_DA_BEMPOSTA,286160179,USADO,200,2,4,MOGADOURO,MORADIA,-1,BRAGANCA,-1,E,133000
329,-1,VENDA,SE_SANTA_MARIA_E_MEIXEDO,292160226,USADO,-1,-1,-1,BRAGANCA,APARTAMENTO,-1,BRAGANCA,-1,E,86000
160,4,VENDA,MOS,256160387,USADO,270,4,2,TORRE_DE_MONCORVO,MORADIA_ISOLADA,-1,BRAGANCA,-1,D,-1
7250,-1,VENDA,GOSTEI,292160223,ND,7250,-1,-1,BRAGANCA,TERRENO_PARA_CONSTRUCAO,-1,BRAGANCA,-1,-1,95000
264,-1,VENDA,SE_SANTA_MARIA_E_MEIXEDO,292160222,ND,264,-1,-1,BRAGANCA,TERRENO_PARA_CONSTRUCAO,-1,BRAGANCA,-1,-1,55000
830,-1,VENDA,SAMIL,292160221,ND,830,-1,-1,BRAGANCA,TERRENO_PARA_CONSTRUCAO,-1,BRAGANCA,-1,-1,87400
180,-1,VENDA,CACARELHOS_E_ANGUEIRA,286160177,USADO,390,-1,-1,VIMIOSO,MORADIA_PARA_RESTAURAR,-1,BRAGANCA,-1,F,35000
112,-1,VENDA,CACARELHOS_E_ANGUEIRA,286160176,USADO,56,-1,-1,VIMIOSO,MORADIA_PARA_RESTAURAR,-1,BRAGANCA,-1,F,11000
411,-1,VENDA,SE_SANTA_MARIA_E_MEIXEDO,292160217,USADO,-1,-1,-1,BRAGANCA,LOJA,-1,BRAGANCA,-1,F,-1
10000,-1,VENDA,SE_SANTA_MARIA_E_MEIXEDO,292160215,ND,10000,-1,-1,BRAGANCA,TERRENO_PARA_CONSTRUCAO,-1,BRAGANCA,-1,-1,185000
360,-1,VENDA,SE_SANTA_MARIA_E_MEIXEDO,292160212,ND,280,-1,-1,BRAGANCA,TERRENO_PARA_CONSTRUCAO,-1,BRAGANCA,-1,-1,58000
880,-1,VENDA,SE_SANTA_MARIA_E_MEIXEDO,292160210,USADO,-1,-1,-1,BRAGANCA,PREDIO,-1,BRAGANCA,-1,-1,175000
-1,-1,VENDA,DONAI,292160209,ND,150000,-1,-1,BRAGANCA,QUINTA,-1,BRAGANCA,-1,-1,-1
-1,-1,VENDA,MIRANDA_DO_DOURO,286160174,ND,353,-1,-1,MIRANDA_DO_DOURO,LOTE,-1,BRAGANCA,-1,-1,36500
-1,-1,VENDA,MIRANDA_DO_DOURO,286160173,ND,367,-1,-1,MIRANDA_DO_DOURO,LOTE,-1,BRAGANCA,-1,-1,36500
-1,-1,VENDA,MIRANDA_DO_DOURO,286160172,ND,508,-1,-1,MIRANDA_DO_DOURO,LOTE,-1,BRAGANCA,-1,-1,44000
-1,-1,VENDA,MIRANDA_DO_DOURO,286160171,ND,345,-1,-1,MIRANDA_DO_DOURO,LOTE,-1,BRAGANCA,-1,-1,36500
-1,-1,VENDA,MIRANDA_DO_DOURO,286160170,ND,506,-1,-1,MIRANDA_DO_DOURO,LOTE,-1,BRAGANCA,-1,-1,44000
-1,-1,VENDA,MIRANDA_DO_DOURO,286160169,ND,506,-1,-1,MIRANDA_DO_DOURO,LOTE,-1,BRAGANCA,-1,-1,44000
-1,-1,VENDA,MIRANDA_DO_DOURO,286160168,ND,869,-1,-1,MIRANDA_DO_DOURO,LOTE,-1,BRAGANCA,-1,-1,51500
96,2,VENDA,VILAS_BOAS_E_VILARINHO_DAS_AZENHAS,286160167,ND,43900,-1,2,VILA_FLOR,QUINTA,-1,BRAGANCA,-1,B,185000
106,2,VENDA,VILAR_SECO,286160166,USADO,53,-1,2,VIMIOSO,MORADIA_RÚSTICA,-1,BRAGANCA,-1,-1,85000
126,3,VENDA,LAGOACA_E_FORNOS,286160165,USADO,63,-1,1,FREIXO_ESPADA_A_CINTA,MORADIA_GEMINADA,-1,BRAGANCA,-1,-1,27000
240,3,VENDA,SE_SANTA_MARIA_E_MEIXEDO,292160200,USADO,-1,-1,2,BRAGANCA,MORADIA,-1,BRAGANCA,-1,F,80000
920,-1,VENDA,SE_SANTA_MARIA_E_MEIXEDO,292160197,USADO,-1,-1,-1,BRAGANCA,ARMAZEM,-1,BRAGANCA,-1,-1,-1
-1,-1,VENDA,MIRANDA_DO_DOURO,286160164,ND,491,-1,-1,MIRANDA_DO_DOURO,LOTE_DE_TERRENO,-1,BRAGANCA,-1,-1,55000
-1,-1,VENDA,MIRANDA_DO_DOURO,286160163,ND,10210,-1,-1,MIRANDA_DO_DOURO,TERRENO,-1,BRAGANCA,-1,-1,77000
-1,-1,VENDA,MOGADOURO_VALVERDE_VALE_DE_PORCO_E_VILAR_DE_REI,286160162,ND,3500,-1,-1,MOGADOURO,TERRENO,-1,BRAGANCA,-1,-1,15000
238,-1,VENDA,SE_SANTA_MARIA_E_MEIXEDO,292160189,USADO,-1,-1,-1,BRAGANCA,LOJA,-1,BRAGANCA,-1,C,70000
156,4,VENDA,SE_SANTA_MARIA_E_MEIXEDO,292160187,USADO,-1,-1,2,BRAGANCA,MORADIA,-1,BRAGANCA,-1,F,80000
247,5,VENDA,PARADA_E_FAILDE,292160181,USADO,1000,2,3,BRAGANCA,MORADIA,-1,BRAGANCA,-1,E,165000
290,-1,VENDA,SE_SANTA_MARIA_E_MEIXEDO,292160170,USADO,450,-1,-1,BRAGANCA,MORADIA,-1,BRAGANCA,-1,-1,75000
392,5,VENDA,EDROSA,292160167,NOVO,-1,4,4,VINHAIS,MORADIA,-1,BRAGANCA,-1,E,145000
200,3,VENDA,SE_SANTA_MARIA_E_MEIXEDO,292160160,USADO,-1,1,2,BRAGANCA,APARTAMENTO,-1,BRAGANCA,-1,D,115000
2371,-1,VENDA,SE_SANTA_MARIA_E_MEIXEDO,292160159,USADO,-1,-1,-1,BRAGANCA,PREDIO,-1,BRAGANCA,-1,-1,-1
584,-1,VENDA,SE_SANTA_MARIA_E_MEIXEDO,292160158,USADO,600,-1,-1,BRAGANCA,PREDIO,-1,BRAGANCA,-1,-1,250000
391,5,VENDA,MIRANDA_DO_DOURO,286160155,USADO,445,2,2,MIRANDA_DO_DOURO,MORADIA,-1,BRAGANCA,-1,-1,128000
260,4,VENDA,SENDIM_E_ATENOR,286160154,USADO,480,1,2,MIRANDA_DO_DOURO,MORADIA_ISOLADA,-1,BRAGANCA,-1,C,125000
434,-1,VENDA,SE_SANTA_MARIA_E_MEIXEDO,292160154,USADO,-1,-1,-1,BRAGANCA,PREDIO,-1,BRAGANCA,-1,E,120000
310,5,VENDA,MIRANDA_DO_DOURO,286160153,USADO,410,4,4,MIRANDA_DO_DOURO,MORADIA_GEMINADA,-1,BRAGANCA,-1,-1,-1
-1,-1,VENDA,SENDIM_E_ATENOR,286160152,ND,97779,-1,-1,MIRANDA_DO_DOURO,TERRENO,-1,BRAGANCA,-1,-1,250000
300,-1,VENDA,ALGOSO_CAMPO_DE_VIBORAS_E_UVA,286160150,USADO,3125,-1,-1,VIMIOSO,ARMAZEM,-1,BRAGANCA,-1,-1,42000
107,3,VENDA,MOGADOURO_VALVERDE_VALE_DE_PORCO_E_VILAR_DE_REI,286160149,USADO,-1,-1,1,MOGADOURO,APARTAMENTO,-1,BRAGANCA,-1,-1,90000
111,2,VENDA,SE_SANTA_MARIA_E_MEIXEDO,292160149,USADO,-1,-1,1,BRAGANCA,APARTAMENTO,-1,BRAGANCA,-1,D,76000
4500,-1,VENDA,SAMIL,292160147,ND,4500,-1,-1,BRAGANCA,TERRENO_PARA_CONSTRUCAO,-1,BRAGANCA,-1,-1,95000
112,3,VENDA,MIRANDA_DO_DOURO,286160146,USADO,-1,-1,1,MIRANDA_DO_DOURO,MORADIA_PARA_RESTAURAR,-1,BRAGANCA,-1,-1,25000
130,2,VENDA,VALE_DE_FRADES_E_AVELANOSO,286160144,USADO,65,-1,1,VIMIOSO,MORADIA,-1,BRAGANCA,-1,-1,60000
228,3,VENDA,FREIXO_DE_ESPADA_A_CINTA_E_MAZOUCO,286160143,USADO,113,-1,1,FREIXO_ESPADA_A_CINTA,MORADIA,-1,BRAGANCA,-1,F,70000
300,-1,VENDA,-1,292160146,USADO,480,-1,-1,BRAGANCA,MORADIA_PARA_RESTAURAR,-1,BRAGANCA,-1,-1,95000
258,-1,VENDA,PARADA_E_FAILDE,292160144,USADO,4000,-1,-1,BRAGANCA,MORADIA_PARA_RESTAURAR,-1,BRAGANCA,-1,-1,130000
100,3,VENDA,SILVA_E_AGUAS_VIVAS,286160142,USADO,9100,-1,1,MIRANDA_DO_DOURO,MORADIA,-1,BRAGANCA,-1,F,70000
362,-1,VENDA,SE_SANTA_MARIA_E_MEIXEDO,292160143,USADO,703,-1,-1,BRAGANCA,MORADIA_PARA_RESTAURAR,-1,BRAGANCA,-1,-1,150000
391,5,VENDA,DUAS_IGREJAS,286160141,USADO,354,1,2,MIRANDA_DO_DOURO,MORADIA,-1,BRAGANCA,-1,-1,140000
101,2,VENDA,SE_SANTA_MARIA_E_MEIXEDO,292160140,USADO,-1,1,2,BRAGANCA,APARTAMENTO,-1,BRAGANCA,-1,C,96500
560,-1,VENDA,MIRANDELA,256160268,ND,360,4,-1,MIRANDELA,TERRENO_PARA_CONSTRUCAO,-1,BRAGANCA,-1,-1,260000
-1,-1,VENDA,VIMIOSO,286160138,ND,227400,-1,-1,VIMIOSO,TERRENO_RÚSTICO,-1,BRAGANCA,-1,-1,-1
-1,-1,VENDA,VIMIOSO,286160137,ND,93000,-1,-1,VIMIOSO,TERRENO_RÚSTICO,-1,BRAGANCA,-1,-1,82000
202,4,VENDA,SE_SANTA_MARIA_E_MEIXEDO,292160138,USADO,-1,1,5,BRAGANCA,MORADIA,-1,BRAGANCA,-1,D,165000
476,-1,VENDA,BEMPOSTA,286160134,USADO,506,-1,-1,MOGADOURO,MORADIA_PARA_RESTAURAR,-1,BRAGANCA,-1,-1,36500
-1,-1,VENDA,MEIRINHOS,286160133,ND,40187,-1,-1,MOGADOURO,TERRENO_RÚSTICO,-1,BRAGANCA,-1,-1,20000
86,2,VENDA,MEIRINHOS,286160132,USADO,347,1,1,MOGADOURO,MORADIA,-1,BRAGANCA,-1,-1,45000
100,-1,VENDA,BACAL,292160130,USADO,-1,-1,-1,BRAGANCA,MORADIA_PARA_RESTAURAR,-1,BRAGANCA,-1,-1,65000
420,4,VENDA,SE_SANTA_MARIA_E_MEIXEDO,292160129,USADO,390,2,3,BRAGANCA,MORADIA,-1,BRAGANCA,-1,D,-1
50,1,VENDA,DUAS_IGREJAS,286160131,USADO,-1,-1,-1,MIRANDA_DO_DOURO,MORADIA_PARA_RESTAURAR,-1,BRAGANCA,-1,-1,10000
580,-1,VENDA,SE_SANTA_MARIA_E_MEIXEDO,292160128,USADO,-1,-1,-1,BRAGANCA,PREDIO,-1,BRAGANCA,-1,-1,-1
92,2,VENDA,URROS,286160130,USADO,2500,-1,2,MOGADOURO,MORADIA_RÚSTICA,-1,BRAGANCA,-1,E,40000
180,-1,VENDA,SE_SANTA_MARIA_E_MEIXEDO,292160127,USADO,-1,-1,-1,BRAGANCA,MORADIA_PARA_RESTAURAR,-1,BRAGANCA,-1,-1,25000
334,-1,VENDA,SE_SANTA_MARIA_E_MEIXEDO,292160126,ND,334,-1,-1,BRAGANCA,TERRENO_PARA_CONSTRUCAO,-1,BRAGANCA,-1,-1,52000
57437,-1,VENDA,VILARINHO_DOS_GALEGOS_E_VENTOZELO,286160129,ND,-1,-1,-1,MOGADOURO,QUINTA,-1,BRAGANCA,-1,-1,-1
240,4,VENDA,DUAS_IGREJAS,286160128,USADO,1700,1,2,MIRANDA_DO_DOURO,MORADIA,-1,BRAGANCA,-1,F,78000
1000,-1,VENDA,SAMIL,292160124,ND,1000,-1,-1,BRAGANCA,TERRENO_PARA_CONSTRUCAO,-1,BRAGANCA,-1,-1,80000
100,-1,VENDA,SAMIL,292160122,USADO,-1,-1,-1,BRAGANCA,MORADIA_PARA_RESTAURAR,-1,BRAGANCA,-1,-1,18000
2200,-1,VENDA,SAMIL,292160121,ND,2200,-1,-1,BRAGANCA,TERRENO_RÚSTICO,-1,BRAGANCA,-1,-1,11000
-1,-1,VENDA,SAMIL,292160119,ND,30990,-1,-1,BRAGANCA,QUINTA,-1,BRAGANCA,-1,-1,-1
20000,-1,VENDA,SAMIL,292160118,ND,20000,-1,-1,BRAGANCA,TERRENO_RÚSTICO,-1,BRAGANCA,-1,-1,58000
300,3,VENDA,OUTEIRO,292160117,USADO,150,-1,2,BRAGANCA,MORADIA,-1,BRAGANCA,-1,-1,65000
144,-1,VENDA,MOGADOURO_VALVERDE_VALE_DE_PORCO_E_VILAR_DE_REI,286160127,NOVO,-1,-1,-1,MOGADOURO,LOJA,-1,BRAGANCA,-1,-1,42000
300,-1,VENDA,SE_SANTA_MARIA_E_MEIXEDO,292160114,ND,300,-1,-1,BRAGANCA,TERRENO_PARA_CONSTRUCAO,-1,BRAGANCA,-1,-1,-1
345,-1,VENDA,SE_SANTA_MARIA_E_MEIXEDO,292160113,ND,345,-1,-1,BRAGANCA,TERRENO_PARA_CONSTRUCAO,-1,BRAGANCA,-1,-1,60000
685,-1,VENDA,SE_SANTA_MARIA_E_MEIXEDO,292160112,ND,685,-1,-1,BRAGANCA,TERRENO_PARA_CONSTRUCAO,-1,BRAGANCA,-1,-1,75000
420,-1,VENDA,SE_SANTA_MARIA_E_MEIXEDO,292160107,ND,420,-1,-1,BRAGANCA,TERRENO_PARA_CONSTRUCAO,-1,BRAGANCA,-1,-1,55000
300,4,VENDA,SE_SANTA_MARIA_E_MEIXEDO,292160105,ND,4000,-1,3,BRAGANCA,HERDADE,-1,BRAGANCA,-1,E,315000
140,3,VENDA,SE_SANTA_MARIA_E_MEIXEDO,292160104,USADO,-1,-1,-1,BRAGANCA,APARTAMENTO,-1,BRAGANCA,-1,C,110000
173,-1,VENDA,PARADA_E_FAILDE,292160101,USADO,615,-1,-1,BRAGANCA,MORADIA_PARA_RESTAURAR,-1,BRAGANCA,-1,-1,78000
140,3,VENDA,MACEDO_DE_CAVALEIROS,292160099,USADO,-1,1,2,MACEDO_DE_CAVALEIROS,APARTAMENTO,-1,BRAGANCA,-1,-1,74500
-1,-1,VENDA,MIRANDA_DO_DOURO,286160124,ND,724,-1,-1,MIRANDA_DO_DOURO,TERRENO_PARA_CONSTRUCAO,-1,BRAGANCA,-1,-1,52000
290,4,VENDA,SE_SANTA_MARIA_E_MEIXEDO,292160095,USADO,550,2,3,BRAGANCA,MORADIA,-1,BRAGANCA,-1,D,225000
3000,-1,VENDA,-1,292160090,ND,3000,-1,-1,BRAGANCA,TERRENO_PARA_CONSTRUCAO,-1,BRAGANCA,CANTARIAS,-1,-1
4000,-1,VENDA,-1,292160089,ND,4000,-1,-1,BRAGANCA,TERRENO_PARA_CONSTRUCAO,-1,BRAGANCA,-1,-1,-1
2700,-1,VENDA,SE_SANTA_MARIA_E_MEIXEDO,292160088,ND,2700,-1,-1,BRAGANCA,TERRENO_PARA_CONSTRUCAO,-1,BRAGANCA,-1,-1,-1
751,-1,VENDA,SAMIL,292160087,ND,751,-1,-1,BRAGANCA,LOTE_DE_TERRENO,-1,BRAGANCA,VALE_CHURIDO,-1,130000
751,-1,VENDA,SAMIL,292160086,ND,751,-1,-1,BRAGANCA,LOTE_DE_TERRENO,-1,BRAGANCA,-1,-1,130000
750,-1,VENDA,SAMIL,292160085,ND,750,-1,-1,BRAGANCA,LOTE_DE_TERRENO,-1,BRAGANCA,-1,-1,130000
754,-1,VENDA,SAMIL,292160084,ND,754,-1,-1,BRAGANCA,LOTE_DE_TERRENO,-1,BRAGANCA,-1,-1,130000
754,-1,VENDA,SAMIL,292160083,ND,754,-1,-1,BRAGANCA,LOTE_DE_TERRENO,-1,BRAGANCA,-1,-1,130000
852,-1,VENDA,SAMIL,292160082,ND,852,-1,-1,BRAGANCA,LOTE_DE_TERRENO,-1,BRAGANCA,-1,-1,155000
896,-1,VENDA,SAMIL,292160081,ND,896,-1,-1,BRAGANCA,LOTE_DE_TERRENO,-1,BRAGANCA,-1,-1,155000
896,-1,VENDA,SAMIL,292160080,ND,896,-1,-1,BRAGANCA,LOTE_DE_TERRENO,-1,BRAGANCA,-1,-1,155000
104,2,VENDA,SE_SANTA_MARIA_E_MEIXEDO,292160079,USADO,-1,-1,-1,BRAGANCA,APARTAMENTO,-1,BRAGANCA,-1,C,100000
-1,-1,VENDA,GOSTEI,292160078,ND,300,-1,-1,BRAGANCA,MORADIA,-1,BRAGANCA,-1,-1,66500
-1,-1,VENDA,AZINHOSO,286160120,ND,10906,-1,-1,MOGADOURO,TERRENO,-1,BRAGANCA,-1,-1,15500
14500,-1,VENDA,BACAL,292160074,ND,-1,-1,-1,BRAGANCA,QUINTA,-1,BRAGANCA,-1,-1,450000
115,3,VENDA,SE_SANTA_MARIA_E_MEIXEDO,292160073,USADO,-1,-1,2,BRAGANCA,APARTAMENTO,-1,BRAGANCA,-1,-1,95000
310,-1,VENDA,SE_SANTA_MARIA_E_MEIXEDO,292160072,USADO,-1,-1,-1,BRAGANCA,RESTAURANTE,-1,BRAGANCA,-1,-1,-1
5000,-1,VENDA,SE_SANTA_MARIA_E_MEIXEDO,292160068,ND,5000,-1,-1,BRAGANCA,TERRENO_PARA_CONSTRUCAO,-1,BRAGANCA,-1,-1,57000
30,-1,VENDA,SE_SANTA_MARIA_E_MEIXEDO,292160066,USADO,-1,-1,1,BRAGANCA,ESCRITORIO,-1,BRAGANCA,-1,-1,10000
205,-1,VENDA,TORRE_DE_MONCORVO,292160065,USADO,655,-1,-1,TORRE_DE_MONCORVO,ARMAZEM,-1,BRAGANCA,-1,-1,56000
-1,-1,VENDA,SAO_MARTINHO_DE_ANGUEIRA,286160119,ND,3700,-1,-1,MIRANDA_DO_DOURO,TERRENO_PARA_CONSTRUCAO,-1,BRAGANCA,-1,-1,50000
110,3,VENDA,SE_SANTA_MARIA_E_MEIXEDO,292160063,USADO,-1,-1,1,BRAGANCA,APARTAMENTO,-1,BRAGANCA,-1,-1,75000
58,-1,VENDA,PENAS_ROIAS,286160118,USADO,-1,-1,-1,MOGADOURO,MORADIA_PARA_RESTAURAR,-1,BRAGANCA,-1,-1,20500
154,-1,VENDA,BRUNHOZINHO_CASTANHEIRA_E_SANHOANE,286160117,USADO,-1,-1,-1,MOGADOURO,MORADIA_PARA_RESTAURAR,-1,BRAGANCA,-1,-1,22000
3000,-1,VENDA,SE_SANTA_MARIA_E_MEIXEDO,292160062,ND,3000,-1,-1,BRAGANCA,TERRENO_PARA_CONSTRUCAO,-1,BRAGANCA,-1,-1,105000
205,-1,VENDA,SE_SANTA_MARIA_E_MEIXEDO,292160061,USADO,-1,-1,-1,BRAGANCA,MORADIA,-1,BRAGANCA,-1,-1,250000
2250,-1,VENDA,SAMIL,292160060,ND,2250,-1,-1,BRAGANCA,TERRENO_PARA_CONSTRUCAO,-1,BRAGANCA,-1,-1,85000
154,-1,VENDA,SAMIL,292160059,USADO,-1,-1,-1,BRAGANCA,MORADIA,-1,BRAGANCA,-1,-1,75000
50,-1,VENDA,PODENCE_E_SANTA_COMBINHA,292160058,ND,50,-1,-1,MACEDO_DE_CAVALEIROS,TERRENO_PARA_CONSTRUCAO,-1,BRAGANCA,-1,-1,20000
1012,-1,VENDA,SE_SANTA_MARIA_E_MEIXEDO,292160055,USADO,-1,-1,-1,BRAGANCA,ARMAZEM,-1,BRAGANCA,-1,-1,440000
670,4,VENDA,SE_SANTA_MARIA_E_MEIXEDO,292160051,USADO,3000,-1,5,BRAGANCA,MORADIA,-1,BRAGANCA,-1,E,-1
370,-1,VENDA,SE_SANTA_MARIA_E_MEIXEDO,292160049,ND,370,-1,-1,BRAGANCA,TERRENO_PARA_CONSTRUCAO,-1,BRAGANCA,-1,-1,45000
400,-1,VENDA,SAMIL,292160043,ND,400,-1,-1,BRAGANCA,TERRENO_PARA_CONSTRUCAO,-1,BRAGANCA,-1,-1,40000
10000,-1,VENDA,-1,292160041,ND,10000,-1,-1,BRAGANCA,LOTE_INDUSTRIAL,-1,BRAGANCA,-1,-1,120000
128,-1,VENDA,SE_SANTA_MARIA_E_MEIXEDO,292160040,USADO,-1,-1,-1,BRAGANCA,LOJA,-1,BRAGANCA,-1,-1,75000
1000,-1,VENDA,CEDAES,292160039,ND,1000,-1,-1,MIRANDELA,TERRENO_PARA_CONSTRUCAO,-1,BRAGANCA,-1,-1,72000
181,3,VENDA,MIRANDA_DO_DOURO,286160110,USADO,112,2,3,MIRANDA_DO_DOURO,MORADIA,-1,BRAGANCA,-1,D,135000
201,4,VENDA,MIRANDA_DO_DOURO,286160109,USADO,226,-1,-1,MIRANDA_DO_DOURO,MORADIA_PARA_RESTAURAR,-1,BRAGANCA,-1,-1,66000
257,-1,VENDA,CABECA_BOA,292160036,USADO,-1,-1,-1,TORRE_DE_MONCORVO,MORADIA,-1,BRAGANCA,-1,-1,76500
123,3,VENDA,SE_SANTA_MARIA_E_MEIXEDO,292160035,USADO,-1,1,-1,BRAGANCA,APARTAMENTO,-1,BRAGANCA,-1,D,98500
117,3,VENDA,BEMPOSTA,286160108,USADO,-1,-1,1,MOGADOURO,MORADIA_GEMINADA,-1,BRAGANCA,-1,-1,67000
405,4,VENDA,SAMIL,292160034,USADO,741,2,4,BRAGANCA,MORADIA,-1,BRAGANCA,-1,E,280000
660,-1,VENDA,SE_SANTA_MARIA_E_MEIXEDO,292160031,ND,660,-1,-1,BRAGANCA,TERRENO_PARA_CONSTRUCAO,-1,BRAGANCA,-1,-1,66500
250,4,VENDA,VIMIOSO,286160107,USADO,349,-1,2,VIMIOSO,MORADIA_ISOLADA,-1,BRAGANCA,-1,-1,133000
480,-1,VENDA,VILA_FLOR_E_NABO,286160106,USADO,640,-1,-1,VILA_FLOR,CASA_SENHORIAL,-1,BRAGANCA,-1,E,-1
300,-1,VENDA,FRECHAS,292160029,USADO,4900,-1,-1,MIRANDELA,MORADIA,-1,BRAGANCA,-1,D,350000
178,5,VENDA,FRECHAS,292160028,USADO,-1,-1,3,MIRANDELA,MORADIA,-1,BRAGANCA,-1,C,165000
97,2,VENDA,MIRANDA_DO_DOURO,286160105,USADO,-1,-1,1,MIRANDA_DO_DOURO,APARTAMENTO,-1,BRAGANCA,-1,D,85000
112,-1,VENDA,MIRANDA_DO_DOURO,286160104,ND,2000,-1,-1,MIRANDA_DO_DOURO,QUINTINHA,-1,BRAGANCA,-1,F,200000
-1,-1,VENDA,MOGADOURO_VALVERDE_VALE_DE_PORCO_E_VILAR_DE_REI,286160103,ND,340,-1,-1,MOGADOURO,TERRENO_PARA_CONSTRUCAO,-1,BRAGANCA,-1,-1,51200
264,-1,VENDA,SE_SANTA_MARIA_E_MEIXEDO,292160017,CONSTRUCAO,435,-1,-1,BRAGANCA,MORADIA,-1,BRAGANCA,-1,-1,-1
310,4,VENDA,GIMONDE,292160015,USADO,8000,-1,3,BRAGANCA,MORADIA,-1,BRAGANCA,-1,-1,350000
180,3,VENDA,SE_SANTA_MARIA_E_MEIXEDO,292160014,USADO,235,-1,-1,BRAGANCA,MORADIA,-1,BRAGANCA,-1,E,210000
475,-1,VENDA,SE_SANTA_MARIA_E_MEIXEDO,292160013,ND,475,-1,-1,BRAGANCA,TERRENO_PARA_CONSTRUCAO,-1,BRAGANCA,-1,-1,80000
200,-1,VENDA,SAMIL,292160012,ND,200,-1,-1,BRAGANCA,TERRENO_PARA_CONSTRUCAO,-1,BRAGANCA,-1,-1,53000
247,-1,VENDA,SE_SANTA_MARIA_E_MEIXEDO,292160010,ND,247,-1,-1,BRAGANCA,TERRENO_PARA_CONSTRUCAO,-1,BRAGANCA,-1,-1,47000
156,3,VENDA,SE_SANTA_MARIA_E_MEIXEDO,292160009,USADO,-1,-1,2,BRAGANCA,APARTAMENTO,-1,BRAGANCA,-1,E,60000
378,-1,VENDA,MOGADOURO_VALVERDE_VALE_DE_PORCO_E_VILAR_DE_REI,286160099,ND,408,-1,-1,MOGADOURO,TERRENO_PARA_CONSTRUCAO,-1,BRAGANCA,-1,-1,66500
258,4,VENDA,MOGADOURO_VALVERDE_VALE_DE_PORCO_E_VILAR_DE_REI,286160097,USADO,-1,-1,3,MOGADOURO,MORADIA,-1,BRAGANCA,-1,-1,155000
300,4,VENDA,CASTRO_DE_AVELAS,292160008,NOVO,780,6,3,BRAGANCA,MORADIA,-1,BRAGANCA,-1,E,400000
181,6,VENDA,SENDIM_E_ATENOR,286160096,USADO,-1,-1,2,MIRANDA_DO_DOURO,MORADIA,-1,BRAGANCA,-1,F,57000
259,5,VENDA,SE_SANTA_MARIA_E_MEIXEDO,292160007,USADO,387,4,6,BRAGANCA,MORADIA,-1,BRAGANCA,-1,-1,352000
880,5,VENDA,FELGAR_E_SOUTO_DA_VELHA,256160162,USADO,750,2,3,TORRE_DE_MONCORVO,MORADIA_ISOLADA,-1,BRAGANCA,-1,A,175000
119,2,VENDA,MIRANDA_DO_DOURO,286160092,USADO,-1,1,1,MIRANDA_DO_DOURO,APARTAMENTO,-1,BRAGANCA,-1,D,91500
-1,-1,VENDA,MIRANDA_DO_DOURO,286160091,ND,336,-1,-1,MIRANDA_DO_DOURO,TERRENO_PARA_CONSTRUCAO,-1,BRAGANCA,-1,-1,86500
-1,-1,VENDA,MOGADOURO_VALVERDE_VALE_DE_PORCO_E_VILAR_DE_REI,286160090,ND,375,-1,-1,MOGADOURO,TERRENO_PARA_CONSTRUCAO,-1,BRAGANCA,-1,-1,46500
-1,-1,VENDA,MOGADOURO_VALVERDE_VALE_DE_PORCO_E_VILAR_DE_REI,286160089,ND,450,-1,-1,MOGADOURO,TERRENO_PARA_CONSTRUCAO,-1,BRAGANCA,-1,-1,56500
-1,-1,VENDA,MOGADOURO_VALVERDE_VALE_DE_PORCO_E_VILAR_DE_REI,286160088,ND,246,-1,-1,MOGADOURO,TERRENO_PARA_CONSTRUCAO,-1,BRAGANCA,-1,-1,51500
100,-1,VENDA,MOGADOURO_VALVERDE_VALE_DE_PORCO_E_VILAR_DE_REI,286160086,USADO,-1,-1,-1,MOGADOURO,MORADIA_PARA_RESTAURAR,-1,BRAGANCA,-1,-1,37000
87,2,VENDA_ARRENDAMENTO,MOGADOURO_VALVERDE_VALE_DE_PORCO_E_VILAR_DE_REI,286160084,USADO,-1,-1,2,MOGADOURO,APARTAMENTO,200,BRAGANCA,-1,-1,76500
285,4,VENDA,AZINHOSO,286160082,USADO,693,2,3,MOGADOURO,MORADIA_ISOLADA,-1,BRAGANCA,-1,E,220000
580,-1,VENDA,VIMIOSO,286160081,USADO,2500,-1,-1,VIMIOSO,OUTRO_TIPO,-1,BRAGANCA,-1,-1,200000
-1,-1,VENDA,MALHADAS,286160080,ND,45678,-1,-1,MIRANDA_DO_DOURO,TERRENO_RÚSTICO,-1,BRAGANCA,-1,-1,150000
55,-1,VENDA,MOGADOURO_VALVERDE_VALE_DE_PORCO_E_VILAR_DE_REI,286160078,USADO,-1,-1,-1,MOGADOURO,MORADIA_PARA_RESTAURAR,-1,BRAGANCA,-1,F,50000
145,3,VENDA,BEMPOSTA,286160077,USADO,515,2,3,MOGADOURO,MORADIA,-1,BRAGANCA,-1,F,70000
-1,-1,VENDA,MIRANDA_DO_DOURO,286160071,ND,658,-1,-1,MIRANDA_DO_DOURO,LOTE_DE_TERRENO,-1,BRAGANCA,-1,-1,60000
-1,-1,VENDA,VALE_DE_FRADES_E_AVELANOSO,286160070,ND,44800,-1,-1,VIMIOSO,TERRENO_RÚSTICO,-1,BRAGANCA,-1,-1,65000
95,3,VENDA,TO,286160069,USADO,-1,-1,2,MOGADOURO,MORADIA,-1,BRAGANCA,-1,F,90000
170,3,VENDA,VIMIOSO,286160068,USADO,95,-1,2,VIMIOSO,MORADIA,-1,BRAGANCA,-1,-1,43000
280,2,VENDA,MOGADOURO_VALVERDE_VALE_DE_PORCO_E_VILAR_DE_REI,286160066,CONSTRUCAO,93,-1,3,MOGADOURO,MORADIA,-1,BRAGANCA,-1,-1,160000
324,-1,VENDA,PENAS_ROIAS,286160065,USADO,207,-1,-1,MOGADOURO,MORADIA_PARA_RESTAURAR,-1,BRAGANCA,-1,-1,45000
-1,-1,VENDA,MIRANDA_DO_DOURO,286160064,ND,613,-1,-1,MIRANDA_DO_DOURO,LOTE_DE_TERRENO,-1,BRAGANCA,-1,-1,60000
160,-1,VENDA,DUAS_IGREJAS,286160063,NOVO,-1,-1,-1,MIRANDA_DO_DOURO,MORADIA_PARA_RESTAURAR,-1,BRAGANCA,-1,-1,45000
70,2,VENDA,MOGADOURO_VALVERDE_VALE_DE_PORCO_E_VILAR_DE_REI,286160062,USADO,-1,-1,1,MOGADOURO,APARTAMENTO,-1,BRAGANCA,-1,D,47500
64,-1,VENDA,BRUCO,286160060,USADO,-1,-1,-1,MOGADOURO,MORADIA_PARA_RESTAURAR,-1,BRAGANCA,-1,-1,17500
47,-1,VENDA,CASTELO_BRANCO,286160057,USADO,-1,-1,-1,MOGADOURO,MORADIA_PARA_RESTAURAR,-1,BRAGANCA,-1,-1,15000
70,2,VENDA,MOGADOURO_VALVERDE_VALE_DE_PORCO_E_VILAR_DE_REI,286160056,USADO,-1,-1,1,MOGADOURO,APARTAMENTO,-1,BRAGANCA,-1,F,57500
397,-1,VENDA,MOGADOURO_VALVERDE_VALE_DE_PORCO_E_VILAR_DE_REI,286160054,ND,455,-1,-1,MOGADOURO,TERRENO_PARA_CONSTRUCAO,-1,BRAGANCA,-1,-1,65000
456,7,VENDA,SENDIM_E_ATENOR,286160050,USADO,720,2,2,MIRANDA_DO_DOURO,MORADIA_RÚSTICA,-1,BRAGANCA,-1,-1,115000
412,-1,VENDA,VIMIOSO,286160048,USADO,-1,-1,-1,VIMIOSO,PREDIO,-1,BRAGANCA,-1,C,210000
373,-1,VENDA,CACARELHOS_E_ANGUEIRA,286160046,USADO,-1,-1,-1,VIMIOSO,MORADIA_PARA_RESTAURAR,-1,BRAGANCA,-1,-1,70000
120,-1,VENDA,CACARELHOS_E_ANGUEIRA,286160043,CONSTRUCAO,-1,-1,-1,VIMIOSO,MORADIA_RÚSTICA,-1,BRAGANCA,-1,-1,39900
90,2,VENDA,MOGADOURO_VALVERDE_VALE_DE_PORCO_E_VILAR_DE_REI,286160042,USADO,-1,-1,1,MOGADOURO,APARTAMENTO,-1,BRAGANCA,-1,E,83000
293,4,VENDA,SENDIM_E_ATENOR,286160041,USADO,228,3,4,MIRANDA_DO_DOURO,MORADIA,-1,BRAGANCA,-1,C,150000
-1,-1,VENDA,SENDIM_E_ATENOR,286160040,ND,6600,-1,-1,MIRANDA_DO_DOURO,TERRENO_RÚSTICO,-1,BRAGANCA,-1,-1,70000
621,-1,VENDA,DUAS_IGREJAS,286160035,USADO,473,-1,-1,MIRANDA_DO_DOURO,MORADIA_PARA_RESTAURAR,-1,BRAGANCA,-1,-1,110000
-1,-1,VENDA,MIRANDA_DO_DOURO,286160033,ND,2640,-1,-1,MIRANDA_DO_DOURO,TERRENO,-1,BRAGANCA,-1,-1,23000
270,4,VENDA,MOGADOURO_VALVERDE_VALE_DE_PORCO_E_VILAR_DE_REI,286160032,USADO,-1,-1,-1,MOGADOURO,MORADIA_PARA_RESTAURAR,-1,BRAGANCA,-1,-1,60000
450,5,VENDA,MOGADOURO_VALVERDE_VALE_DE_PORCO_E_VILAR_DE_REI,286160031,USADO,790,3,3,MOGADOURO,MORADIA,-1,BRAGANCA,-1,D,235000
12400,-1,VENDA,FELGAR_E_SOUTO_DA_VELHA,256160056,ND,12200,-1,-1,TORRE_DE_MONCORVO,TERRENO,-1,BRAGANCA,-1,-1,12500
120,2,VENDA,ALGOSO_CAMPO_DE_VIBORAS_E_UVA,286160029,CONSTRUCAO,-1,3,1,VIMIOSO,MORADIA_RÚSTICA,-1,BRAGANCA,-1,F,50000
-1,-1,VENDA,VIMIOSO,286160022,ND,18205,-1,-1,VIMIOSO,TERRENO_RÚSTICO,-1,BRAGANCA,-1,-1,40000
212,8,VENDA,MOGADOURO_VALVERDE_VALE_DE_PORCO_E_VILAR_DE_REI,286160021,USADO,-1,-1,4,MOGADOURO,PREDIO,-1,BRAGANCA,-1,-1,99000
-1,-1,VENDA,MIRANDA_DO_DOURO,286160020,ND,1431,-1,-1,MIRANDA_DO_DOURO,TERRENO_PARA_CONSTRUCAO,-1,BRAGANCA,-1,-1,59900
181,-1,VENDA,VILA_CHA_DE_BRACIOSA,286160016,USADO,212,-1,-1,MIRANDA_DO_DOURO,MORADIA_PARA_RESTAURAR,-1,BRAGANCA,-1,F,25000
190,-1,VENDA,MOGADOURO_VALVERDE_VALE_DE_PORCO_E_VILAR_DE_REI,286160014,USADO,-1,-1,-1,MOGADOURO,MORADIA_PARA_RESTAURAR,-1,BRAGANCA,-1,-1,32500
-1,-1,VENDA,MOGADOURO_VALVERDE_VALE_DE_PORCO_E_VILAR_DE_REI,286160011,ND,200,-1,-1,MOGADOURO,TERRENO_PARA_CONSTRUCAO,-1,BRAGANCA,-1,-1,30000
288,-1,VENDA,MIRANDA_DO_DOURO,286160010,CONSTRUCAO,192,-1,-1,MIRANDA_DO_DOURO,MORADIA_GEMINADA,-1,BRAGANCA,-1,-1,75000
288,-1,VENDA,MIRANDA_DO_DOURO,286160009,CONSTRUCAO,199,-1,-1,MIRANDA_DO_DOURO,MORADIA_GEMINADA,-1,BRAGANCA,-1,-1,75000
294,5,VENDA,MOGADOURO_VALVERDE_VALE_DE_PORCO_E_VILAR_DE_REI,286160007,USADO,-1,3,4,MOGADOURO,MORADIA,-1,BRAGANCA,-1,F,200000
390,4,VENDA,FELGAR_E_SOUTO_DA_VELHA,286160006,USADO,1400,2,3,TORRE_DE_MONCORVO,MORADIA,-1,BRAGANCA,-1,F,155000
120,-1,VENDA,VILA_CHA_DE_BRACIOSA,286160004,ND,1213,-1,-1,MIRANDA_DO_DOURO,MORADIA_PARA_RESTAURAR,-1,BRAGANCA,-1,-1,25000
140,3,VENDA_ARRENDAMENTO,CARVICAIS,256160042,USADO,1210,2,2,TORRE_DE_MONCORVO,MORADIA_ISOLADA,300,BRAGANCA,-1,E,149000
104,-1,VENDA,TORRE_DE_MONCORVO,256160016,USADO,65,-1,2,TORRE_DE_MONCORVO,LOJA,-1,BRAGANCA,-1,-1,-1
43765,-1,VENDA,VALTORNO_E_MOURAO,256160008,ND,43765,-1,-1,VILA_FLOR,QUINTA,-1,BRAGANCA,-1,-1,85000
80,-1,VENDA,URROS_E_PEREDO_DOS_CASTELHANOS,256150260,USADO,-1,-1,-1,TORRE_DE_MONCORVO,MORADIA_PARA_RESTAURAR,-1,BRAGANCA,-1,-1,12500
-1,-1,VENDA,MIRANDELA,256150259,ND,390,-1,-1,MIRANDELA,TERRENO_URBANO,-1,BRAGANCA,-1,-1,50000
168,4,VENDA,TORRE_DE_MONCORVO,256150208,USADO,28,2,3,TORRE_DE_MONCORVO,MORADIA_ISOLADA,-1,BRAGANCA,-1,F,-1
